,celltype_l2
Old_D1_D_GCGTGCAAGTACAGCG,Monocytes
Old_D2_B_CGGACACGTGTCCAAT,Monocytes
Old_D2_A_GGAGGATGTGCTTATG,Monocytes
Old_D3_5_C_ACTGTCCCAACGAGGT,Monocytes
Old_D2_B_ACTATTCAGCTCATAC,Monocytes
Old_D7_B_TTGTGTTTCTACCTTA,Monocytes
Old_D3_5_D_GGGATCCAGAGAAGGT,Monocytes
Old_D5_A_TGATCAGAGTCAGCGA,Monocytes
Old_D2_B_GTTCGCTGTTTCTTAC,Monocytes
Old_D3_5_C_AACAACCCAAAGGATT,Monocytes
Old_D1_C_TTCCTTCTCAAGTAAG,Monocytes
Old_D2_B_CCTCTCCGTTCATCTT,Monocytes
Old_D2_A_GAGTGTTAGGAAACGA,Monocytes
Old_D3_5_D_ATGGAGGTCGCTGCGA,Monocytes
Old_D7_B_TACGGTAAGGCTTTCA,Monocytes
Old_D3_5_D_AGGATAAGTTGGAGAC,Monocytes
Old_D1_A_CCGTGAGCACTGTCCT,Monocytes
Old_D3_5_C_CACCGTTAGAATCGTA,Monocytes
Old_D3_5_D_AAGTGAAAGTGGACTG,Monocytes
Old_D5_A_AGATAGATCCCTCAAC,Monocytes
Old_D1_D_GCAGTTACAAAGCTAA,Monocytes
Old_D2_A_TTGTTCATCTGTCGCT,Monocytes
Old_D2_A_AACAACCCAAGGGTCA,Monocytes
Old_D5_B_TCGTAGAAGCGTTCCG,Monocytes
Old_D3_5_B_CCATCACCATAGAAAC,Monocytes
Old_D5_A_GTTTGGACATGTGGTT,Monocytes
Old_D1_C_TCTGGCTCATGGGCAA,Monocytes
Old_D2_A_CCCTTAGGTTATCTTC,Monocytes
Old_D2_A_CGTTAGAGTCGTCTCT,Monocytes
Old_D3_5_C_TTCACCGCAAACTAGA,Monocytes
Old_D1_C_AGTCATGTCCGTGGTG,Monocytes
Old_D1_C_ATTCTACCAGAGTCAG,Monocytes
Old_D3_5_A_ACGCACGAGTCTTCCC,Monocytes
Old_D5_B_CGTTCTGTCGTAGTCA,Monocytes
Old_D3_5_D_CATTGTTGTCATCCCT,Monocytes
Old_D3_5_C_GTAGAGGAGCGTTAGG,Monocytes
Old_D3_5_C_GAGATGGAGCTAGATA,Monocytes
Old_D3_5_D_ACCTACCGTCTTGTCC,Monocytes
Old_D2_A_CTCCCAAGTAGAGGAA,Monocytes
Old_D3_5_B_ACTCCCAAGGGTACGT,Monocytes
Old_D3_5_C_TTTGTTGGTTGCTGAT,Monocytes
Old_D3_5_D_TTCATTGGTGCAAGAC,Monocytes
Old_D3_5_D_CTGAATGTCTCGCCTA,Monocytes
Old_D2_B_CGAGAAGCAAGGTCAG,Monocytes
Old_D2_B_ATGTCTTGTCAACCTA,Monocytes
Old_D2_B_AAACGCTGTTAAAGTG,Monocytes
Old_D5_B_GAAGGACCAACTCGTA,Monocytes
Old_D3_5_C_CTTCCGAAGGCACAAC,Monocytes
Old_D3_5_C_CTATAGGTCGTTCTAT,Monocytes
Old_D1_B_GATGGAGCAGGTCTCG,Monocytes
Old_D3_5_A_CCTCAGTAGGGTGAAA,Monocytes
Old_D2_B_TCCTTTCCACGGTGTC,Monocytes
Old_D3_5_B_GTGCTTCCAAGTGACG,Monocytes
Old_D1_D_CAGCAGCCAGCGAGTA,Monocytes
Old_D2_A_TAATTCCGTGATACCT,Monocytes
Old_D3_5_C_GTGCGTGGTATGTCAC,Monocytes
Old_D3_5_A_GGTAGAGAGGTCACCC,Monocytes
Old_D3_5_C_ATAGACCAGGCCCAAA,Monocytes
Old_D3_5_A_TACCGGGGTTGTGGAG,Monocytes
Old_D2_A_ATTCAGGTCAGACATC,Monocytes
Old_D3_5_D_ATTCGTTGTCCCGTGA,Monocytes
Old_D3_5_C_GCATCGGAGGGCAGTT,Monocytes
Old_D2_B_GGCTTTCTCGGAGCAA,Monocytes
Old_D5_B_TGGAACTGTATAGGAT,Monocytes
Old_D2_A_TCACTATCAATTGAAG,Monocytes
Old_D1_D_TTCCGGTCACGAAGAC,Monocytes
Old_D5_A_TCCCACAGTATCGCTA,Monocytes
Old_D2_C_AGGTCTAGTTTCAGAC,Monocytes
Old_D2_B_CAGAGCCTCAAGAATG,Monocytes
Old_D3_5_C_TGCGGGTTCGTGTTCC,Monocytes
Old_D1_C_CATAAGCCAGCATGCC,Monocytes
Old_D1_C_ATGGGTTAGCCGAACA,Monocytes
Old_D1_D_CGCCAGATCGGAGCAA,Monocytes
Old_D5_B_ATCGCCTTCACCATGA,Monocytes
Old_D2_C_GGGAGATGTAAGAACT,Monocytes
Old_D1_A_ATGAGGGAGTCCGCGT,Monocytes
Old_D3_5_B_CTGATCCAGGCACGAT,Monocytes
Old_D3_5_C_ACATCGAAGCCAAGCA,Monocytes
Old_D5_C_GACACGCGTTCCTTGC,Monocytes
Old_D3_5_C_CAGTTCCAGAGCCGTA,Monocytes
Old_D1_D_CTAACCCGTAGATTAG,Monocytes
Old_D5_A_CCACTTGAGTAAATGC,Monocytes
Old_D2_A_ATTCACTCAGTATACC,Monocytes
Old_D2_A_CAATCGAAGAACTTCC,Monocytes
Old_D3_5_C_GTAATCGCAATTCTTC,Monocytes
Old_D3_5_C_ACAGCCGAGCACTTTG,Monocytes
Old_D1_D_GTGCAGCAGACACACG,Monocytes
Old_D3_5_D_TGCATCCCAAGCTCTA,Monocytes
Old_D1_C_ATGCGATAGGATTCCT,Monocytes
Old_D3_5_C_TACAGGTAGAGTCCGA,Monocytes
Old_D2_A_AGCGCCACAATTGCGT,Monocytes
Old_D1_C_TGCTCGTGTTAAGAAC,Monocytes
Old_D2_A_TATGTTCTCCTTCTTC,Monocytes
Old_D2_C_TCCACGTGTCACAATC,Monocytes
Old_D3_5_D_CAACAACAGGCATCGA,Monocytes
Old_D1_C_CCTCCAAAGGCTAAAT,Monocytes
Old_D5_A_GCCAGTGGTCCAGCAC,Monocytes
Old_D3_5_A_GAATCACAGCACACCC,Monocytes
Old_D1_A_CATCGTCGTATGATCC,Monocytes
Old_D3_5_C_CTGTCGTGTGTTCGTA,Monocytes
Old_D7_B_GGTAACTTCACACCGG,Monocytes
Old_D5_A_GGAGCAATCTCCATAT,Monocytes
Old_D0_B_CGAGTTAGTGTCCGGT,Monocytes
Old_D1_C_AACAAAGTCCATATGG,Monocytes
Old_D5_B_CCACACTCAATTGTGC,Monocytes
Old_D2_A_GCTTGGGGTAGGAGGG,Monocytes
Old_D2_A_CCTATCGTCCTATGGA,Monocytes
Old_D7_C_GATCCCTGTGCACAAG,Monocytes
Old_D3_5_A_AGGTCTATCGTACACA,Monocytes
Old_D2_C_GCCAACGGTCGGTGTC,Monocytes
Old_D3_5_C_GCCAACGAGCTTGTTG,Monocytes
Old_D2_C_TCTTTGATCAGGTAAA,Monocytes
Old_D2_A_TCGACCTAGTAATTGG,Monocytes
Old_D5_A_GGTAACTTCTCTGACC,Monocytes
Old_D3_5_B_AGTCACATCTGCATAG,Monocytes
Old_D5_A_TTGTGTTCAAATACGA,Monocytes
Old_D0_D_ACCAACAGTGCAACAG,Monocytes
Old_D3_5_C_GTCATGAAGTGATGGC,Monocytes
Old_D2_A_TCAGCCTGTTCAACGT,Monocytes
Old_D5_B_CCTCACACAGGCTTGC,Monocytes
Old_D1_C_GTTCGCTTCGCCAGAC,Monocytes
Old_D3_5_A_CTCCATGAGGTGATAT,Monocytes
Old_D2_A_GTTGCGGTCCTGCCAT,Monocytes
Old_D5_B_TCAATCTCAGCGACAA,Monocytes
Old_D7_A_GGAGATGAGTTGGGAC,Monocytes
Old_D5_B_GTTCGCTGTCACTTCC,Monocytes
Old_D2_A_CGGTCAGCACGTATAC,Monocytes
Old_D1_A_AGACAGGTCTTCACAT,Monocytes
Old_D2_C_TAGGAGGTCCTAGAGT,Monocytes
Old_D3_5_C_GCGGATCGTACAGAAT,Monocytes
Old_D2_C_TAGTGCAAGTAGGATT,Monocytes
Old_D1_D_GAGACCCAGGCTCAAG,Monocytes
Old_D2_B_TATATCCGTATGGAAT,Monocytes
Old_D3_5_A_GAGTGTTTCATCGGGC,Monocytes
Old_D2_A_AAGCGTTGTCTACGAT,Monocytes
Old_D1_C_TGCTCCAGTCAAAGTA,Monocytes
Old_D2_B_AGCATCAAGTGCTCGC,Monocytes
Old_D3_5_B_ACTTTCATCCCAGCGA,Monocytes
Old_D3_5_A_GATCATGAGGTTAGTA,Monocytes
Old_D1_C_CGGAACCAGTTTCGAC,Monocytes
Old_D1_C_TTACTGTAGCACTCCG,Monocytes
Old_D2_B_ACAGGGATCTGGACTA,Monocytes
Old_D5_B_TCTGGCTTCATACGAC,Monocytes
Old_D3_5_A_GGCTGTGAGTGAGGCT,Monocytes
Old_D3_5_C_CGAATTGAGAATCGTA,Monocytes
Old_D2_B_TTATTGCCATGAGGGT,Monocytes
Old_D3_5_B_CTACATTCAAAGGTTA,Monocytes
Old_D5_A_AAACGAAAGGAACTCG,Monocytes
Old_D7_A_TGCCGAGAGTGAGCCA,Monocytes
Old_D3_5_D_CTACCCAAGTCATACC,Monocytes
Old_D3_5_C_TGATGCATCTCATTTG,Monocytes
Old_D2_B_ACCTGAAAGTACGTCT,Monocytes
Old_D2_A_AGAAATGGTACAGTAA,Monocytes
Old_D2_A_ATGAGTCGTTCGGCTG,Monocytes
Old_D2_C_GGCACGTAGTGCTCAT,Monocytes
Old_D3_5_C_GTTTGGAAGCAGGCTA,Monocytes
Old_D3_5_D_GTGCAGCAGAATGTTG,Monocytes
Old_D2_A_CTTCCGAAGAAATCCA,Monocytes
Old_D2_C_TGCGGGTAGCGAATGC,Monocytes
Old_D2_A_CATACAGAGCGTTCAT,Monocytes
Old_D2_A_ATTCTTGCATGCGGTC,Monocytes
Old_D3_5_C_CAGCACGCATGGAAGC,Monocytes
Old_D5_B_ATGAAAGCATAGAATG,Monocytes
Old_D2_B_CGTAATGAGTTTGCTG,Monocytes
Old_D2_A_TTTGACTCAAAGCAAT,Monocytes
Old_D1_D_TTACTGTTCCACACCT,Monocytes
Old_D3_5_C_TCACTATCAGCAGACA,Monocytes
Old_D1_A_CAAAGAATCAACGCTA,Monocytes
Old_D3_5_C_TACTTGTAGAAACTCA,Monocytes
Old_D3_5_D_AGCGTCGTCCGTAGGC,Monocytes
Old_D5_A_TTCGATTCAATGCTCA,Monocytes
Old_D3_5_C_TTGTGTTGTACCTATG,Monocytes
Old_D2_A_AGACACTGTCTACGTA,Monocytes
Old_D1_C_TGCATCCAGCATCCTA,Monocytes
Old_D2_A_ATGACCATCCGTCCTA,Monocytes
Old_D2_A_GGTCACGAGTGTTGTC,Monocytes
Old_D2_A_TGTTGGATCTGGTGCG,Monocytes
Old_D3_5_C_TTGTTTGGTTACTCAG,Monocytes
Old_D2_A_GGTAATCAGGTCCTGC,Monocytes
Old_D2_A_ACGATCAGTCGGTACC,Monocytes
Old_D3_5_D_TACCCACCAGAAGTTA,Monocytes
Old_D1_C_TTCTCTCTCGGATACT,Monocytes
Old_D5_B_CGGGTGTTCTCGTGGG,Monocytes
Old_D2_A_AGTAGTCGTCGAGTTT,Monocytes
Old_D5_C_GTAGGTTTCTGACGCG,Monocytes
Old_D1_A_TCGCTTGCAACGACAG,Monocytes
Old_D2_A_TGAGTCATCTGAGGTT,Monocytes
Old_D3_5_C_CCTCCTCAGCACTTTG,Monocytes
Old_D3_5_A_CTCTCAGTCCTCATAT,Monocytes
Old_D3_5_C_ACGCACGTCTCGTCAC,Monocytes
Old_D5_A_ATTCTTGGTAGACGGT,Monocytes
Old_D3_5_B_ATTCTTGCACCCTGAG,Monocytes
Old_D2_B_AAGGTAAGTAGTCTGT,Monocytes
Old_D5_A_CCAAGCGCACAAATCC,Monocytes
Old_D5_B_GTATTGGAGACGAGCT,Monocytes
Old_D5_A_CGCGTGAAGGACACTG,Monocytes
Old_D3_5_C_GGGTATTTCAGGAAAT,Monocytes
Old_D2_B_AGACCCGCAAATTGCC,Monocytes
Old_D2_A_GTGCAGCTCGACCAAT,Monocytes
Old_D3_5_C_TAATTCCCAGGTGACA,Monocytes
Old_D3_5_C_ATCACGATCAGCTCTC,Monocytes
Old_D5_B_GTTAGACAGGATTCAA,Monocytes
Old_D5_B_CATGCGGGTTAGAAGT,Monocytes
Old_D2_A_GTCCACTAGGTTAAAC,Monocytes
Old_D3_5_C_TTCAGGAGTTCCACGG,Monocytes
Old_D5_B_AGTAGTCTCCGCTTAC,Monocytes
Old_D2_A_AGTGCCGAGATTCGAA,Monocytes
Old_D2_A_GATTTCTGTATGCTAC,Monocytes
Old_D5_A_CATGAGTCATATCTCT,Monocytes
Old_D3_5_A_CTATCTAGTCTCACAA,Monocytes
Old_D3_5_D_GAACGTTTCGGCTTCT,Monocytes
Old_D3_5_C_TGCTTGCGTACCGCGT,Monocytes
Old_D1_D_TTACGTTTCGGAAGGT,Monocytes
Old_D2_B_CGGAATTGTCACTCTC,Monocytes
Old_D5_A_CACTGGGGTATAGCTC,Monocytes
Old_D2_B_AGACCCGCATTCTCTA,Monocytes
Old_D1_A_CTCTGGTAGACTGTTC,Monocytes
Old_D3_5_D_TCCTCCCAGAGGTGCT,Monocytes
Old_D3_5_C_TCGGGCAAGACTCTTG,Monocytes
Old_D2_C_CAGCAATAGTTAACAG,Monocytes
Old_D2_A_AGTAGTCTCTTCCCGA,Monocytes
Old_D1_A_ATTACTCCAATAGGAT,Monocytes
Old_D2_A_GTGGAGACAATGTTGC,Monocytes
Old_D2_C_CGGGTCATCGAGTACT,Monocytes
Old_D2_B_GTGAGGAGTGTAGTGG,Monocytes
Old_D2_A_TCAAGCATCGTCTAAG,Monocytes
Old_D3_5_C_AGTCACAGTTCGTTCC,Monocytes
Old_D2_A_ACCATTTAGCAGCACA,Monocytes
Old_D2_A_CAGCCAGCACCCTTAC,Monocytes
Old_D2_B_GAAACCTCATGTGCCG,Monocytes
Old_D2_B_CTCATGCAGGATGCGT,Monocytes
Old_D5_A_CTGAGCGGTAGTCTGT,Monocytes
Old_D5_B_TCCCACAGTCACAATC,Monocytes
Old_D2_A_GTTACAGGTGATATAG,Monocytes
Old_D3_5_A_AGCGATTCAGTCTACA,Monocytes
Old_D3_5_C_GCGGAAAGTACTCGTA,Monocytes
Old_D2_A_TGCCGAGGTTTCCAAG,Monocytes
Old_D3_5_C_CCACGAGAGCGACTTT,Monocytes
Old_D3_5_A_GGGTATTTCGGTGAAG,Monocytes
Old_D2_B_GATCATGTCCCGAGTG,Monocytes
Old_D3_5_D_TGCAGGCGTAGGTAGC,Monocytes
Old_D1_D_TCGTAGAGTAACATCC,Monocytes
Old_D2_C_GAGTTTGCATGAAGCG,Monocytes
Old_D3_5_C_GCCCGAAAGAAGCGGG,Monocytes
Old_D1_A_TCAAGTGTCATACGGT,Monocytes
Old_D1_C_CGGGACTGTACTAAGA,Monocytes
Old_D2_A_CCACACTCAGTACTAC,Monocytes
Old_D1_C_TTCGCTGCAGAACTTC,Monocytes
Old_D2_B_TCGTGCTCAGTAGTGG,Monocytes
Old_D2_A_ACCAACAAGACCAAAT,Monocytes
Old_D5_B_CTATCCGCACAGCTTA,Monocytes
Old_D7_B_AATAGAGAGTGGAAAG,Monocytes
Old_D2_A_TTGGGCGGTATTCCTT,Monocytes
Old_D3_5_A_AGATGAAAGATTACCC,Monocytes
Old_D3_5_C_TACTTGTCATCTTAGG,Monocytes
Old_D2_A_TTCCGTGCACTCCTGT,Monocytes
Old_D2_C_CATCCACCATGTCGTA,Monocytes
Old_D7_A_TTCATGTCAGGTCCCA,Monocytes
Old_D3_5_B_CACTTCGAGAGCCCAA,Monocytes
Old_D3_5_D_TCGACGGCACTACAGT,Monocytes
Old_D2_A_AAGACTCCAACCGCTG,Monocytes
Old_D2_C_ACGTAACCATCGTTCC,Monocytes
Old_D3_5_C_GGGTATTAGCTCATAC,Monocytes
Old_D5_B_GTCACTCCATCCGTTC,Monocytes
Old_D3_5_C_GATGAGGTCTTAGTTC,Monocytes
Old_D3_5_A_GCCAGTGAGCACGTCC,Monocytes
Old_D5_A_GCTGCAGGTCCGGACT,Monocytes
Old_D2_A_CTACAGAAGTCACGAG,Monocytes
Old_D2_A_TCCCAGTCAGGTTCGC,Monocytes
Old_D1_B_ATAGGCTGTGGTTTGT,Monocytes
Old_D2_A_CCTCACATCTTGGTGA,Monocytes
Old_D7_C_CCTCTCCCAGACCTAT,Monocytes
Old_D1_C_TGGGAGATCCTACTGC,Monocytes
Old_D3_5_D_AGGTCATGTTCCTTGC,Monocytes
Old_D3_5_B_CTGGACGAGCATCCCG,Monocytes
Old_D3_5_A_TTACGTTCAATCCTTT,Monocytes
Old_D2_A_TTCACGCCACTGGCGT,Monocytes
Old_D5_B_ATTCCCGCAGCAGTCC,Monocytes
Old_D3_5_C_GTTTACTGTTTGGGTT,Monocytes
Old_D2_A_GACCGTGGTATTTCTC,Monocytes
Old_D3_5_D_TCATTGTGTTGGTAGG,Monocytes
Old_D5_B_ATCGTCCAGCAAACAT,Monocytes
Old_D3_5_C_GCACGTGCATGCCGCA,Monocytes
Old_D2_A_TGGGATTGTGTTTACG,Monocytes
Old_D2_A_CCTCACAAGGATTTGA,Monocytes
Old_D1_C_CTATAGGGTAGGTACG,Monocytes
Old_D2_A_TCATTTGTCTTTACAC,Monocytes
Old_D1_C_CCTAAGAGTACCTAAC,Monocytes
Old_D2_A_CACTGGGCACCCTCTA,Monocytes
Old_D5_B_TGTTTGTGTAGCGAGT,Monocytes
Old_D3_5_C_CCACCATCAGTCTCTC,Monocytes
Old_D3_5_D_ACAAGCTAGGGCAGTT,Monocytes
Old_D2_A_GAATCGTTCTGCTTAT,Monocytes
Old_D3_5_D_AGGACGACATCCGGCA,Monocytes
Old_D5_A_ATAGAGAGTGATACCT,Monocytes
Old_D7_C_CAGCGTGGTCGCGTCA,Monocytes
Old_D3_5_D_GCATTAGAGGGAACAA,Monocytes
Old_D1_A_GACGCTGCACCAGCCA,Monocytes
Old_D3_5_C_GTTCATTTCTTTCCGG,Monocytes
Old_D5_A_CCTGCATAGCCTTTGA,Monocytes
Old_D5_A_CTACCTGGTTAAACAG,Monocytes
Old_D2_C_GCTTGGGTCCGATCTC,Monocytes
Old_D2_A_ACGTAACAGCTGAGTG,Monocytes
Old_D3_5_C_ATACCGACAAGCCATT,Monocytes
Old_D5_B_CCTTCAGGTGTGGACA,Monocytes
Old_D3_5_B_TGGAGGATCAGACATC,Monocytes
Old_D3_5_D_TTCCGGTCAAAGGGTC,Monocytes
Old_D2_A_TGGATGTAGGGCAGAG,Monocytes
Old_D3_5_D_AAGCCATTCGTGTTCC,Monocytes
Old_D2_A_TATCCTACAAATTAGG,Monocytes
Old_D1_B_AGTCATGAGTCTGCGC,Monocytes
Old_D2_A_GATTCTTAGTCACAGG,Monocytes
Old_D5_A_CACCGTTCAAGAGATT,Monocytes
Old_D2_B_GCATTAGGTCGTCATA,Monocytes
Old_D2_A_TTTCAGTTCATCGCTC,Monocytes
Old_D5_B_CTAACCCCAATCGCCG,Monocytes
Old_D1_A_TTCCGTGCAGGCTACC,Monocytes
Old_D2_C_CAGATCATCATGTCAG,Monocytes
Old_D3_5_D_ACGGAAGGTGCCTATA,Monocytes
Old_D2_A_ACGGGTCGTTCTCTAT,Monocytes
Old_D2_A_CGAGGCTGTACAGCGA,Monocytes
Old_D2_B_ACAAGCTCAGCACGAA,Monocytes
Old_D3_5_C_ACGGTCGAGGCAGGTT,Monocytes
Old_D1_C_GAATCACCATACGCAT,Monocytes
Old_D3_5_D_TGTAACGCACCGTGAC,Monocytes
Old_D3_5_A_GAAGCGACAGCAGGAT,Monocytes
Old_D2_A_GCCGTGACATGTCAGT,Monocytes
Old_D2_B_CACATGACAGCGTAGA,Monocytes
Old_D2_A_GTCTCACCATCCGAGC,Monocytes
Old_D3_5_C_ACCAAACCAGGTTCAT,Monocytes
Old_D1_D_CATAGACGTAACGTTC,Monocytes
Old_D3_5_D_ACGTAGTAGCACTGGA,Monocytes
Old_D2_C_TGTTGGACATGTGGTT,Monocytes
Old_D7_C_AAAGTGAGTGTGCCTG,Monocytes
Old_D3_5_D_TTACCGCCATCGAACT,Monocytes
Old_D3_5_A_TCTCCGAAGCTGGCCT,Monocytes
Old_D5_A_GAGTTTGTCCTGTTGC,Monocytes
Old_D1_C_GCCATGGTCCACTTTA,Monocytes
Old_D3_5_C_CTCAGAACAGTGGCTC,Monocytes
Old_D2_B_TCTCAGCAGAGCCATG,Monocytes
Old_D5_B_CGTGATAAGCAGTAAT,Monocytes
Old_D3_5_C_AACCAACGTCGGATTT,Monocytes
Old_D3_5_B_ACTGTCCTCGCATTGA,Monocytes
Old_D3_5_D_ATGAGTCGTAGCTCGC,Monocytes
Old_D3_5_D_TTGGGTACAGCGTGCT,Monocytes
Old_D1_C_ATCATTCCAGAGAATT,Monocytes
Old_D3_5_B_TTACTGTGTGCTAGCC,Monocytes
Old_D3_5_A_AATTCCTCACCTCGTT,Monocytes
Old_D5_A_TCATTACGTAGGTTTC,Monocytes
Old_D5_A_GGTAACTAGAGAATCT,Monocytes
Old_D3_5_D_TGCATGACAGCGGTCT,Monocytes
Old_D3_5_C_GTCGTAAGTCAAAGTA,Monocytes
Old_D3_5_A_CACTGAAAGAGGATCC,Monocytes
Old_D3_5_B_AGTAGCTTCCATCCGT,Monocytes
Old_D1_D_TATCAGGAGTAGACAT,Monocytes
Old_D2_A_CTGTACCGTTGCCTAA,Monocytes
Old_D5_B_CGCCATTGTTGAATCC,Monocytes
Old_D2_A_AGGACGAAGGTTGTTC,Monocytes
Old_D2_C_TAGACCATCCTCACTG,Monocytes
Old_D3_5_C_GAGTGAGAGCATGCAG,Monocytes
Old_D2_B_TCACATTTCATGAAAG,Monocytes
Old_D2_B_AAACCCAGTGGAGGTT,Monocytes
Old_D1_C_AAGAACACACCATATG,Monocytes
Old_D3_5_B_CTAAGTGGTCTACACA,Monocytes
Old_D3_5_C_ACTCCCAGTTTGCAGT,Monocytes
Old_D2_A_ACGTAGTTCATGAAAG,Monocytes
Old_D7_B_CTCTGGTAGTCTCCTC,Monocytes
Old_D5_A_TCTCACGTCGACCACG,Monocytes
Old_D2_B_TGATCAGGTATGGAAT,Monocytes
Old_D7_A_TACCGAAGTCTATGAC,Monocytes
Old_D5_B_AGACCCGAGTTAACAG,Monocytes
Old_D2_B_CCGGTAGCAAATTGGA,Monocytes
Old_D2_B_AGAGAATCATAGGAGC,Monocytes
Old_D1_D_CGAGGAAAGGTAACTA,Monocytes
Old_D3_5_D_AGGGTGACAGGCTATT,Monocytes
Old_D3_5_C_CATCGCTGTACCACGC,Monocytes
Old_D2_A_TTGGGCGTCGCTTGAA,Monocytes
Old_D2_B_ATGAGTCTCCTCTCTT,Monocytes
Old_D1_D_GCCTGTTCACCCTTAC,Monocytes
Old_D3_5_B_GACACGCTCTATTCGT,Monocytes
Old_D3_5_B_AGGGTTTCACAGTATC,Monocytes
Old_D1_A_GAATAGAAGACATATG,Monocytes
Old_D3_5_C_TTACCATGTAACGATA,Monocytes
Old_D2_A_TTCTAACAGGTGATCG,Monocytes
Old_D2_A_TTGATGGCACGTGAGA,Monocytes
Old_D2_C_AGACTCACACCGAATT,Monocytes
Old_D3_5_C_CTAACCCTCCCAATAG,Monocytes
Old_D5_B_CGTCCATTCTCGGGAC,Monocytes
Old_D2_A_GTCTACCCAATATCCG,Monocytes
Old_D2_A_TCATTTGCAGCTATTG,Monocytes
Old_D3_5_A_GTGCTGGTCCGCAAAT,Monocytes
Old_D2_A_TATCCTAGTGCGAACA,Monocytes
Old_D1_C_CTGTGAAGTAAGCAAT,Monocytes
Old_D2_A_AAAGTGAAGACTGAGC,Monocytes
Old_D5_B_CACAACACAGCCGTTG,Monocytes
Old_D1_C_TGCACGGAGTGCTCGC,Monocytes
Old_D1_A_CTCAATTCACTCCGAG,Monocytes
Old_D2_A_GTGATGTTCAACTTTC,Monocytes
Old_D1_C_AGAAGCGAGTATAGAC,Monocytes
Old_D5_C_GCCAGTGGTTTCCAAG,Monocytes
Old_D2_A_TGGGAGACAGACGCTC,Monocytes
Old_D3_5_C_CCCGAAGGTATCAGCT,Monocytes
Old_D5_A_GTGGTTATCGCTTAAG,Monocytes
Old_D5_A_GTGTGATCACGATAGG,Monocytes
Old_D1_C_GGGATCCGTTGGCCTG,Monocytes
Old_D3_5_D_TTCGATTAGGTCATTC,Monocytes
Old_D5_B_GGAGGTAGTAACGCGA,Monocytes
Old_D3_5_A_TGAGTCATCGCGATCG,Monocytes
Old_D7_A_CAGATCATCAAGATAG,Monocytes
Old_D2_A_CGATCGGGTTCAAGGG,Monocytes
Old_D3_5_C_TCAGCCTGTATGTGTC,Monocytes
Old_D2_B_TCCATCGAGTACAGAT,Monocytes
Old_D2_A_GATGATCCAGGGAATC,Monocytes
Old_D1_C_CTTCCTTCAAATGCGG,Monocytes
Old_D5_A_TTTACTGAGACTCTTG,Monocytes
Old_D0_B_ATTGTTCAGCCAAGTG,Monocytes
Old_D2_C_AGGTTGTTCGATCCAA,Monocytes
Old_D2_C_TCCCAGTCATGATGCT,Monocytes
Old_D1_B_CTGTGGGTCATCACCC,Monocytes
Old_D2_C_TCCATGCCATACATCG,Monocytes
Old_D3_5_D_TTCCTAAGTCTTAGTG,Monocytes
Old_D3_5_D_TTAGGCACACGTGTGC,Monocytes
Old_D3_5_D_TTACAGGTCTCTCGCA,Monocytes
Old_D2_B_ACTGATGCAAGTATCC,Monocytes
Old_D2_A_GGGCTCATCCAGTACA,Monocytes
Old_D3_5_D_AGCTCAATCGACATAC,Monocytes
Old_D5_A_TCCCACAAGCTCTGTA,Monocytes
Old_D5_A_TTCGGTCGTAGTCTTG,Monocytes
Old_D1_C_GAACACTTCTCGAGTA,Monocytes
Old_D2_A_CCTGTTGAGGCTCACC,Monocytes
Old_D7_B_AGCCAGCCACGGTGTC,Monocytes
Old_D2_A_GCTCAAACAACTGCTA,Monocytes
Old_D3_5_D_TCTCACGCACTAGGCC,Monocytes
Old_D2_A_TTAATCCTCTGTTGGA,Monocytes
Old_D3_5_A_AGGTGTTCAGAGATGC,Monocytes
Old_D3_5_D_AACGTCAGTAGATGTA,Monocytes
Old_D1_A_AAGCCATGTGTCATGT,Monocytes
Old_D3_5_C_CCCTCTCAGGTAGACC,Monocytes
Old_D5_C_TGGGCTGGTCAACCAT,Monocytes
Old_D5_C_GCCGTGATCTTCGGTC,Monocytes
Old_D3_5_B_GTAACCATCACTTATC,Monocytes
Old_D5_B_CTTCCGAGTAATGATG,Monocytes
Old_D1_D_AGATGCTGTAATCAGA,Monocytes
Old_D2_B_AAACCCATCGGCTATA,Monocytes
Old_D3_5_C_TAGACTGAGTGCTAGG,Monocytes
Old_D3_5_C_TACCTGCGTCCGGATC,Monocytes
Old_D2_A_TACGGGCGTACCCACG,Monocytes
Old_D5_A_AGGGTGACACAAACGG,Monocytes
Old_D2_A_GGGCTACAGACGACGT,Monocytes
Old_D5_B_GTAGGTTCAGCCGTCA,Monocytes
Old_D1_D_ATGAGTCTCCAATGCA,Monocytes
Old_D2_A_GTTAGTGAGCCACTCG,Monocytes
Old_D5_A_CTACCTGCAAGAAACT,Monocytes
Old_D1_C_GAATCACAGAACTCCT,Monocytes
Old_D2_A_TTCATGTAGTGGTTGG,Monocytes
Old_D2_C_AAGTGAACAACGTATC,Monocytes
Old_D2_B_CAGGTATCATCTGTTT,Monocytes
Old_D2_A_CAATACGAGCCGATCC,Monocytes
Old_D1_D_CAGTTAGAGCTGAGTG,Monocytes
Old_D1_D_ATGAGTCGTAATGCTC,Monocytes
Old_D7_B_CCTCTCCTCCCGATCT,Monocytes
Old_D7_A_CTTCGGTTCGCCGAAC,Monocytes
Old_D5_C_TCGGATAAGTCGGCAA,Monocytes
Old_D3_5_B_TGTAACGAGTTTGCTG,Monocytes
Old_D2_B_AGGCATTGTATACAGA,Monocytes
Old_D5_B_GTGAGTTAGTTGAATG,Monocytes
Old_D2_A_TCCGGGATCTTTGATC,Monocytes
Old_D1_D_TCAGCAACAGCAGAAC,Monocytes
Old_D2_A_CGATGCGCAGCTACCG,Monocytes
Old_D2_A_GACTCAATCGCGGTAC,Monocytes
Old_D3_5_C_CGTAAGTAGCTCTGTA,Monocytes
Old_D2_A_ATAGGCTGTTCAGCGC,Monocytes
Old_D1_A_AAGGTAAAGTATCCTG,Monocytes
Old_D3_5_C_CAGATACCATTGAAAG,Monocytes
Old_D3_5_D_TTTCATGCATGACCCG,Monocytes
Old_D7_B_CCGATCTGTCGTATGT,Monocytes
Old_D1_D_GAAATGAAGGGTGAGG,Monocytes
Old_D3_5_C_GATGTTGCATAACAGA,Monocytes
Old_D7_C_GCCAGTGTCGTACACA,Monocytes
Old_D1_C_TTGGGCGGTTCTCTCG,Monocytes
Old_D2_C_TCTCCGAGTGTCCGGT,Monocytes
Old_D3_5_D_TAAGCGTAGCTATCCA,Monocytes
Old_D7_B_GATCAGTGTCTTTATC,Monocytes
Old_D1_D_TACGTCCGTATGGGAC,Monocytes
Old_D2_C_ATCAGGTGTCCACTCT,Monocytes
Old_D3_5_A_GGGTCACCAAATGGAT,Monocytes
Old_D2_A_GTGAGGACACTATGTG,Monocytes
Old_D2_A_GACAGCCGTGCCAAGA,Monocytes
Old_D1_A_AACGAAAGTAATGATG,Monocytes
Old_D2_A_CGGCAGTCAACAGTGG,Monocytes
Old_D7_A_TGGAGAGTCCTGTTAT,Monocytes
Old_D3_5_D_AACCTGAGTTGTACGT,Monocytes
Old_D2_A_TTCTGTATCTTGGAAC,Monocytes
Old_D2_A_ACGTAGTCACACCTTC,Monocytes
Old_D2_A_CTCCGATGTCAAGCCC,Monocytes
Old_D5_C_TCATGCCCATTGAAAG,Monocytes
Old_D2_C_CGAGGAAGTCACATTG,Monocytes
Old_D5_A_GAGACCCGTGCTGATT,Monocytes
Old_D2_B_TGGGAGAGTAGTCGGA,Monocytes
Old_D3_5_C_CGTGCTTCAGCTTTCC,Monocytes
Old_D2_B_TGTTCCGAGCTGCGAA,Monocytes
Old_D1_C_ACTTCCGCACTCACTC,Monocytes
Old_D2_A_GTCGCGATCTGAATGC,Monocytes
Old_D5_A_ATTCGTTGTCGATTAC,Monocytes
Old_D3_5_C_TATATCCTCTACACTT,Monocytes
Old_D5_A_CATGCCTAGGAACTCG,Monocytes
Old_D2_A_CTACTATAGCACCGAA,Monocytes
Old_D3_5_A_TAATTCCGTGGGTATG,Monocytes
Old_D2_C_CCCTCTCAGTAAGACT,Monocytes
Old_D2_A_CTCATTATCGACACCG,Monocytes
Old_D3_5_C_TTACCATCACGGTAGA,Monocytes
Old_D7_C_GGAATGGAGTCTTCGA,Monocytes
Old_D1_B_TCCCATGTCAGCGGAA,Monocytes
Old_D5_B_GCAACATCAGCCGTCA,Monocytes
Old_D2_A_GATCCCTGTACTCGAT,Monocytes
Old_D1_C_GTAAGTCTCTGTTCAT,Monocytes
Old_D1_C_CACATGATCATTACTC,Monocytes
Old_D7_C_CAGTGCGCATCCCACT,Monocytes
Old_D5_B_ATATCCTCATCAGCTA,Monocytes
Old_D1_D_CTATCTACACGAGGTA,Monocytes
Old_D2_A_TAGACCATCCTGTAGA,Monocytes
Old_D2_B_GCCTGTTGTAGACAAT,Monocytes
Old_D2_B_GGCACGTGTCCACGCA,Monocytes
Old_D2_A_TGAGTCAGTACGCGTC,Monocytes
Old_D3_5_C_ACTATCTGTCCGGACT,Monocytes
Old_D1_A_TCACTCGCATAGAAAC,Monocytes
Old_D5_A_CACTGAAGTATACCTG,Monocytes
Old_D1_C_TTTCGATAGAATAGTC,Monocytes
Old_D2_A_CCACCATAGCGTGAGT,Monocytes
Old_D3_5_D_ATTCATCGTTGGAGGT,Monocytes
Old_D2_A_TTGTTTGTCAAAGGAT,Monocytes
Old_D1_A_GTCATCCGTCTACAAC,Monocytes
Old_D2_B_GAGCCTGGTTGCAACT,Monocytes
Old_D1_A_ATTTACCGTGTGCCTG,Monocytes
Old_D2_A_GCGGAAATCCATGCAA,Monocytes
Old_D1_A_GCGATCGTCTTCCCGA,Monocytes
Old_D1_C_CTTTCAATCTGGTCAA,Monocytes
Old_D3_5_B_CTCTCGACAATCAAGA,Monocytes
Old_D3_5_C_ACGTACATCCGAGAAG,Monocytes
Old_D2_C_AGTACCAGTATGAAGT,Monocytes
Old_D5_A_ACGTCCTCATCGATCA,Monocytes
Old_D2_A_TTTCGATCAACGTATC,Monocytes
Old_D3_5_C_GGGTCTGGTCGTACAT,Monocytes
Old_D1_A_GTAGAAAGTATCGGTT,Monocytes
Old_D1_C_TCATTCACAAGTCCAT,Monocytes
Old_D2_A_GAATAGACAAGTATCC,Monocytes
Old_D3_5_A_TGTGTGACACCACATA,Monocytes
Old_D1_C_CTATAGGGTTACACAC,Monocytes
Old_D5_A_TCAATCTTCGTGGAAG,Monocytes
Old_D2_B_ACGTAGTCACAGCATT,Monocytes
Old_D2_A_TGCTTGCTCGCGTCGA,Monocytes
Old_D3_5_D_GTCGAATCACGCGTCA,Monocytes
Old_D1_C_GGTGATTAGCTGGCCT,Monocytes
Old_D1_C_CTCCATGGTGTTCGAT,Monocytes
Old_D2_A_GCATCTCGTCCACATA,Monocytes
Old_D2_A_CACGTTCGTGCATTTG,Monocytes
Old_D3_5_D_TCTACCGAGTTGGAGC,Monocytes
Old_D3_5_C_CACCAAAGTAGCCAGA,Monocytes
Old_D1_A_TAAGCCAGTCGCATTA,Monocytes
Old_D2_B_ACCACAATCTTTGCAT,Monocytes
Old_D3_5_A_TCTACCGAGAGGTATT,Monocytes
Old_D2_A_GTCTACCGTGTAAACA,Monocytes
Old_D1_B_TTGGTTTCAAGATGTA,Monocytes
Old_D2_C_CGTAATGAGGCAGGTT,Monocytes
Old_D2_A_TACACCCGTGATACAA,Monocytes
Old_D1_B_CACAGGCAGCACTTTG,Monocytes
Old_D3_5_C_TCATGCCGTCATCGGC,Monocytes
Old_D5_B_AGTTAGCGTGTAGGAC,Monocytes
Old_D2_A_ACACTGATCAAAGACA,Monocytes
Old_D1_B_TCGGGCAGTCCAACGC,Monocytes
Old_D2_A_CCTCTAGGTGCGGCTT,Monocytes
Old_D2_B_ACTTTGTCAATCAAGA,Monocytes
Old_D2_C_GTCTACCGTAGAGACC,Monocytes
Old_D2_A_CTATCCGCAACACTAC,Monocytes
Old_D2_A_ACACGCGAGAAACTGT,Monocytes
Old_D3_5_C_TGAGGGAAGTGGTCAG,Monocytes
Old_D3_5_A_ACCAACAGTTGGAGAC,Monocytes
Old_D2_B_GCGGAAAGTGTTCCAA,Monocytes
Old_D5_B_TGAGGTTAGTTAGTAG,Monocytes
Old_D5_B_TCGGATACACTCACTC,Monocytes
Old_D1_A_GCCAACGCATTCCTCG,Monocytes
Old_D2_B_TTCAATCCACTGATTG,Monocytes
Old_D3_5_A_GATAGCTGTGTTTCTT,Monocytes
Old_D2_C_AGGACTTAGTATGACA,Monocytes
Old_D2_B_ATGTCCCCAGAAATCA,Monocytes
Old_D7_C_TTACAGGTCCTGCTAC,Monocytes
Old_D2_C_TCTCACGGTTGAGAGC,Monocytes
Old_D3_5_C_AATTCCTGTTTGGGAG,Monocytes
Old_D1_D_CCTCTAGAGAGGGTCT,Monocytes
Old_D2_A_GAGTGAGAGAGGCTGT,Monocytes
Old_D1_C_ATGGAGGTCGAGATAA,Monocytes
Old_D2_B_CTGAGGCCATTGGCAT,Monocytes
Old_D1_D_GCGATCGTCCTCGATC,Monocytes
Old_D3_5_C_CTTCCTTCATAGAAAC,Monocytes
Old_D2_A_TGCATGAGTTTAAGGA,Monocytes
Old_D2_A_AGGTCATGTTGCCAAT,Monocytes
Old_D2_A_CTCAGGGGTAATACCC,Monocytes
Old_D3_5_C_GAAGCGACAGCGTATT,Monocytes
Old_D2_A_CTGGTCTTCTTCCCGA,Monocytes
Old_D5_A_AGGTCATAGAGTGTGC,Monocytes
Old_D2_C_CTTGATTAGCACCCAC,Monocytes
Old_D2_A_CTGCCATAGTTCCATG,Monocytes
Old_D2_A_GAGGCAAGTACTGCGC,Monocytes
Old_D2_B_ACCTACCCACCTAAAC,Monocytes
Old_D5_B_CTTACCGTCCTATGGA,Monocytes
Old_D2_B_GTGTGGCTCAAACGAA,Monocytes
Old_D3_5_C_TCATGTTGTACTCGTA,Monocytes
Old_D3_5_C_TGTTCTAGTAGTTCCA,Monocytes
Old_D1_D_AAACCCAGTATCAGGG,Monocytes
Old_D7_A_GCGGATCTCCGAGGCT,Monocytes
Old_D3_5_D_TCAATCTTCTAGACCA,Monocytes
Old_D5_B_TAGGAGGAGAATCGTA,Monocytes
Old_D3_5_C_GGGTGAATCCCAAGCG,Monocytes
Old_D5_A_CTCTCGACAGACCAAG,Monocytes
Old_D3_5_A_TCCGTGTCACATCATG,Monocytes
Old_D3_5_C_CTGTGGGCAGTTGGTT,Monocytes
Old_D2_A_AGGTGTTCATTACGGT,Monocytes
Old_D3_5_C_TGGATCAAGCTGACCC,Monocytes
Old_D3_5_A_ATTGGGTAGCATGAAT,Monocytes
Old_D3_5_B_TTACCGCGTTACCTTT,Monocytes
Old_D5_B_CCCAACTTCGAGATGG,Monocytes
Old_D2_B_GGGTCACTCAGGTGTT,Monocytes
Old_D1_C_GCAGTTAGTTGCATTG,Monocytes
Old_D1_C_TTACTGTGTGTTTGCA,Monocytes
Old_D2_A_ATCACTTCAGTCGGAA,Monocytes
Old_D3_5_A_ATTGTTCTCCATTTCA,Monocytes
Old_D1_A_CGATCGGGTGTCATTG,Monocytes
Old_D3_5_B_GTCACTCGTTAGCTAC,Monocytes
Old_D3_5_C_ATCCATTCACTGTGTA,Monocytes
Old_D2_B_GTCAAGTAGCTTGTTG,Monocytes
Old_D2_A_GGGACCTTCGGACTTA,Monocytes
Old_D1_C_TTCACCGAGGAAACGA,Monocytes
Old_D7_B_AATGAAGTCCTGTACC,Monocytes
Old_D2_A_TGTCCTGCAGGTGAGT,Monocytes
Old_D7_A_GACTCTCAGGGAGGGT,Monocytes
Old_D3_5_D_ATGGTTGTCGTTCATT,Monocytes
Old_D5_B_TGCGATATCCAGCACG,Monocytes
Old_D5_C_GTCTTTACACAGTACT,Monocytes
Old_D2_A_TGTGTGAGTCGATTCA,Monocytes
Old_D5_C_GAAACCTAGTAGTGCG,Monocytes
Old_D1_C_GAGAAATCAAGAAACT,Monocytes
Old_D3_5_C_TAGAGTCGTCAGCGTC,Monocytes
Old_D2_A_GGGATCCAGTAACGAT,Monocytes
Old_D2_A_AGAACAAGTCTACTGA,Monocytes
Old_D3_5_B_AGTCTCCGTACGCGTC,Monocytes
Old_D3_5_D_ATCATTCTCCGCGAGT,Monocytes
Old_D1_D_CCACAAATCGGTCGGT,Monocytes
Old_D2_A_ATCACGAAGGCCGCTT,Monocytes
Old_D1_C_TGGTTAGGTGTATCCA,Monocytes
Old_D2_A_CGTTAGATCTATCCAT,Monocytes
Old_D2_A_GATGCTAAGGTAGGCT,Monocytes
Old_D3_5_C_GTGGTTACAGAAGTTA,Monocytes
Old_D2_A_TGAGCATAGGTTCTTG,Monocytes
Old_D3_5_A_CAATCGAAGTATTAGG,Monocytes
Old_D2_A_TGACCCTTCCTCCACA,Monocytes
Old_D3_5_C_GCAACATAGTAGGAAG,Monocytes
Old_D2_A_TAAGCCACAGGTCAGA,Monocytes
Old_D3_5_C_TCATCATAGGGAGGCA,Monocytes
Old_D2_B_TAACTTCAGTCTTCCC,Monocytes
Old_D5_B_CTGCATCTCCTACAAG,Monocytes
Old_D3_5_A_CAGCGTGCATAGGCGA,Monocytes
Old_D5_A_ATACCTTGTGCGGCTT,Monocytes
Old_D1_C_AGACACTCATTGTCGA,Monocytes
Old_D5_A_GATAGCTTCTCCCTAG,Monocytes
Old_D5_A_CACAGGCAGTCGCGAA,Monocytes
Old_D3_5_C_AATGACCGTTCTGAGT,Monocytes
Old_D2_C_CCTCTCCGTAACAGGC,Monocytes
Old_D2_A_TTGGGATTCAGAACCT,Monocytes
Old_D2_A_AGATGCTAGACCATGG,Monocytes
Old_D5_B_AAGTTCGCACGCGTGT,Monocytes
Old_D2_A_TACCCACTCTCACGAA,Monocytes
Old_D5_B_TGACTCCCACATGTTG,Monocytes
Old_D3_5_D_GACAGCCCAAGCCTGC,Monocytes
Old_D5_B_TTGATGGGTCTCCTGT,Monocytes
Old_D5_B_ACTTCCGGTGAATTGA,Monocytes
Old_D2_B_AGCATCAGTATGCGGA,Monocytes
Old_D2_C_CTGCCTACATTGTGCA,Monocytes
Old_D3_5_C_GTAGAGGGTTGTATGC,Monocytes
Old_D2_A_TCGCTTGAGGTGGGTT,Monocytes
Old_D7_C_GTAGATCGTAGATTGA,Monocytes
Old_D2_A_TGCTTGCTCGAAATCC,Monocytes
Old_D3_5_C_AATGGAAAGGTAGTCG,Monocytes
Old_D2_B_AGTACCAAGTATAGGT,Monocytes
Old_D1_C_TACGCTCCATCGATGT,Monocytes
Old_D2_C_GAGAAATTCTCAACCC,Monocytes
Old_D7_C_CTGCAGGCACCAAATC,Monocytes
Old_D2_B_TGGGATTCAATTTCCT,Monocytes
Old_D3_5_C_GATAGAATCAAATGCC,Monocytes
Old_D5_B_GTTCATTCAGCATTGT,Monocytes
Old_D3_5_C_AGCCAGCTCAAGCCGC,Monocytes
Old_D3_5_B_GGCTTGGCATCTTTCA,Monocytes
Old_D2_A_GCAGTTAAGACTCATC,Monocytes
Old_D2_A_ATCGTCCAGGCAGGGA,Monocytes
Old_D1_B_AAAGGGCAGGCTCCCA,Monocytes
Old_D5_B_CCAATGACAATTTCTC,Monocytes
Old_D7_A_CCATAAGGTAGGTCAG,Monocytes
Old_D2_C_CCCGAAGCAACCACGC,Monocytes
Old_D2_A_CCTTGTGCAATTGCCA,Monocytes
Old_D2_A_ATCAGGTAGTACCCTA,Monocytes
Old_D3_5_C_GGAACCCCACGTAGAG,Monocytes
Old_D1_A_CTTAGGACAGATAAAC,Monocytes
Old_D3_5_C_TTGTTGTGTCAGCGTC,Monocytes
Old_D5_B_CGTTGGGCAGAAACCG,Monocytes
Old_D7_A_GAGTGAGCAATGTTGC,Monocytes
Old_D2_A_TACGGGCTCTTTGCAT,Monocytes
Old_D3_5_A_TGCTTCGGTCTTGCGG,Monocytes
Old_D1_D_TTTCACATCGATACTG,Monocytes
Old_D1_C_CAGTGCGGTACGGTTT,Monocytes
Old_D5_A_AACGTCAGTCACTCAA,Monocytes
Old_D3_5_C_AGTAGCTAGCATTTGC,Monocytes
Old_D2_A_TAACGACCAGACCATT,Monocytes
Old_D3_5_B_TATTTCGAGCACACAG,Monocytes
Old_D5_A_GAGATGGTCGAGCTGC,Monocytes
Old_D3_5_C_CATCGTCAGCGTCGAA,Monocytes
Old_D2_B_GCGGATCCATGAAGCG,Monocytes
Old_D3_5_A_ACACTGAGTGTTACAC,Monocytes
Old_D5_C_CGCATGGGTGCTTATG,Monocytes
Old_D2_A_CTCCCAAAGAATCGCG,Monocytes
Old_D5_A_CACTGAATCGTGGTAT,Monocytes
Old_D7_C_GTAACACTCCGACAGC,Monocytes
Old_D3_5_A_CACGTGGTCGCGCCAA,Monocytes
Old_D2_C_CCTCCAAAGACATAGT,Monocytes
Old_D1_D_AAGACTCTCTGAGGTT,Monocytes
Old_D2_A_CCTATCGGTATCGCTA,Monocytes
Old_D1_C_TGCATGAGTGCTATTG,Monocytes
Old_D3_5_D_TATACCTTCGCGTAGC,Monocytes
Old_D2_A_GGCAGTCAGCCTCTGG,Monocytes
Old_D3_5_C_GTAGAGGTCAAGATAG,Monocytes
Old_D5_C_CTAACTTCAGTTGGTT,Monocytes
Old_D3_5_A_TTGCCTGAGTTCCGTA,Monocytes
Old_D1_D_GGCTTTCAGGTGCAGT,Monocytes
Old_D3_5_D_TGGATCAGTAGACAAT,Monocytes
Old_D3_5_C_CGATGCGAGGAATCGC,Monocytes
Old_D2_B_AGTCATGTCTCCATAT,Monocytes
Old_D5_B_TACGCTCAGTCATAGA,Monocytes
Old_D3_5_B_CCCGAAGCAGCATGCC,Monocytes
Old_D2_A_GAGATGGCACACTTAG,Monocytes
Old_D2_A_ATCCGTCTCAAAGCCT,Monocytes
Old_D2_A_TAACTTCTCTGTAAGC,Monocytes
Old_D3_5_A_ATCCTATAGGCTCAAG,Monocytes
Old_D2_A_TTCAGGATCGGTGAAG,Monocytes
Old_D3_5_C_ATTCCCGGTTGTTGTG,Monocytes
Old_D1_B_TGATGGTGTCGTGTTA,Monocytes
Old_D2_A_TTGTTCAGTCTTCATT,Monocytes
Old_D2_A_AGGAGGTAGCTCTTCC,Monocytes
Old_D2_B_GTCGCGAAGTACTGGG,Monocytes
Old_D2_A_TATACCTTCCCTTGTG,Monocytes
Old_D2_A_TAAGCGTTCCACCCTA,Monocytes
Old_D2_A_GTGCACGTCTGCATGA,Monocytes
Old_D3_5_C_TCTCTGGGTACTGCCG,Monocytes
Old_D5_A_TAATTCCGTTGGGACA,Monocytes
Old_D3_5_B_TCATACTCACTGCACG,Monocytes
Old_D1_C_ACCTGTCCAAAGGATT,Monocytes
Old_D5_B_CTACCCAAGAACGCGT,Monocytes
Old_D3_5_D_TCATGTTAGGAACGTC,Monocytes
Old_D2_A_GTGAGTTAGTCACTGT,Monocytes
Old_D3_5_A_CATTGCCTCCGTGACG,Monocytes
Old_D2_A_CTGTACCCATCACAGT,Monocytes
Old_D3_5_D_GACCTTCCACCAGCTG,Monocytes
Old_D3_5_D_GGAGGTAAGCGCCATC,Monocytes
Old_D2_A_CGGAACCAGGTCTTTG,Monocytes
Old_D5_A_AGTACTGTCTTCGCTG,Monocytes
Old_D7_C_CTGCCATAGAACTTCC,Monocytes
Old_D3_5_D_CCCTCAAGTTCGGCGT,Monocytes
Old_D5_B_ATTACTCCAACACGAG,Monocytes
Old_D2_C_TCGGGTGAGAACGCGT,Monocytes
Old_D7_C_TCCTCCCTCAGACTGT,Monocytes
Old_D2_A_TCCGTGTCAATACCCA,Monocytes
Old_D5_A_AGTAACCTCGCGGTAC,Monocytes
Old_D3_5_C_CGTGATATCGGATTAC,Monocytes
Old_D2_C_CTTCCTTTCGTGCACG,Monocytes
Old_D2_A_TTGATGGAGTTCATGC,Monocytes
Old_D2_B_CGAAGTTCAGAGCCCT,Monocytes
Old_D3_5_C_TCTTTGACAACCACAT,Monocytes
Old_D2_B_GATGGAGCAATCTCTT,Monocytes
Old_D3_5_B_TATCGCCTCAGTGGGA,Monocytes
Old_D7_C_GTCAAACAGCATCAAA,Monocytes
Old_D2_A_ACGTCCTCACAGCTTA,Monocytes
Old_D3_5_A_AGTCACAGTTAAGCAA,Monocytes
Old_D2_A_CTTTCGGGTATCGAAA,Monocytes
Old_D3_5_C_TCAGGGCTCTCGACGG,Monocytes
Old_D3_5_C_CCCTGATGTTCGTGCG,Monocytes
Old_D5_B_CCGGGTACACCCTGTT,Monocytes
Old_D3_5_C_CTGATCCAGGATTTAG,Monocytes
Old_D2_C_ACGCACGAGATAGTCA,Monocytes
Old_D3_5_D_CTCAGTCCATCAACCA,Monocytes
Old_D2_A_GTGAGTTGTCTTACAG,Monocytes
Old_D5_C_CATTGTTTCAACCTTT,Monocytes
Old_D3_5_A_CCTTTGGGTGAAGCGT,Monocytes
Old_D3_5_A_AAAGTCCGTTGCGTAT,Monocytes
Old_D5_B_ATTGTTCAGTCGAAGC,Monocytes
Old_D3_5_D_AGAACAAAGTGTTCAC,Monocytes
Old_D3_5_D_ACGTACATCAGACATC,Monocytes
Old_D5_B_TAAGTCGAGAGCTTTC,Monocytes
Old_D3_5_D_ATGGGTTTCGTAGTGT,Monocytes
Old_D5_A_TTGCGTCGTGAGCGAT,Monocytes
Old_D2_B_CAAGACTGTATCGTAC,Monocytes
Old_D5_B_TTAATCCCAGGCTTGC,Monocytes
Old_D2_A_GGGAGATGTCACAGTT,Monocytes
Old_D3_5_D_GGGAGTAGTACACGTT,Monocytes
Old_D1_A_TCATGCCTCGTACACA,Monocytes
Old_D3_5_D_ATTATCCGTAACAAGT,Monocytes
Old_D3_5_B_ACGGTCGGTGATACTC,Monocytes
Old_D2_A_TTCCAATTCAATGTCG,Monocytes
Old_D2_A_CTGGTCTGTAGAGATT,Monocytes
Old_D2_A_TGTTCATGTCCGGCAT,Monocytes
Old_D5_B_CTACCCATCGGCCCAA,Monocytes
Old_D1_D_GAGACCCCAATAACCC,Monocytes
Old_D1_A_TTAGTCTTCGATACTG,Monocytes
Old_D3_5_A_TCAGCCTGTCCAGGTC,Monocytes
Old_D2_A_CAGTGCGCAAACCACT,Monocytes
Old_D2_A_CAGGCCACAAAGAGTT,Monocytes
Old_D2_A_CTCTGGTGTAGAGTTA,Monocytes
Old_D5_A_TTCCTCTCAGAGTTGG,Monocytes
Old_D1_A_AAAGGTATCGCAATTG,Monocytes
Old_D1_B_GCACGTGGTCGAATGG,Monocytes
Old_D3_5_C_CCTAAGAAGCTAGTTC,Monocytes
Old_D3_5_C_TTTCAGTCACCCTCTA,Monocytes
Old_D5_A_AGCCAATAGGGTTAAT,Monocytes
Old_D2_A_AGAAGCGTCCGAACGC,Monocytes
Old_D1_A_CTTTCAATCAGACCCG,Monocytes
Old_D5_B_TTCTCTCAGATGCTAA,Monocytes
Old_D3_5_C_CTGCCTAGTATCGGTT,Monocytes
Old_D3_5_A_CGTGCTTGTATCTCGA,Monocytes
Old_D2_C_GGTGGCTTCGGATAAA,Monocytes
Old_D1_C_TAGACTGAGCGGCTCT,Monocytes
Old_D2_A_TTCTCTCGTCTAGTGT,Monocytes
Old_D3_5_C_AGCGCCAGTGCCGAAA,Monocytes
Old_D7_A_CAGCGTGTCTACACAG,Monocytes
Old_D2_C_AGGGTCCAGCGCAATG,Monocytes
Old_D2_A_TGAGACTCAGATCCTA,Monocytes
Old_D3_5_D_CCATAAGGTTGGTAGG,Monocytes
Old_D1_D_AAGCCATAGCCGATAG,Monocytes
Old_D5_C_AATTTCCGTAACACCT,Monocytes
Old_D2_A_TTGCCTGGTAGGTTTC,Monocytes
Old_D1_B_ATGGGTTGTCCGTACG,Monocytes
Old_D1_C_TCCAGAAGTAAGATTG,Monocytes
Old_D7_A_CGAGTGCCAGTGGCTC,Monocytes
Old_D7_B_GTATTTCGTGTATTGC,Monocytes
Old_D3_5_A_GCAACCGCATAGATGA,Monocytes
Old_D1_C_GGATGTTTCCAAGCCG,Monocytes
Old_D5_B_AAGCATCTCCCTTTGG,Monocytes
Old_D3_5_D_GAGACTTTCAGCAATC,Monocytes
Old_D2_B_CAAGGGATCGTTGCCT,Monocytes
Old_D2_B_AGAGCAGCATGACCCG,Monocytes
Old_D2_A_ACCTACCTCTCGTCGT,Monocytes
Old_D3_5_D_TAGGAGGGTAGGTTTC,Monocytes
Old_D5_B_TGATGGTCAGCTGTTA,Monocytes
Old_D2_A_TGGAGGACAGACCCGT,Monocytes
Old_D1_D_TCAAGACTCAGCAGAG,Monocytes
Old_D3_5_D_CTCCGATAGGCTAGCA,Monocytes
Old_D2_C_TTTGACTTCACAAGAA,Monocytes
Old_D1_C_ACCACAAAGATTACCC,Monocytes
Old_D1_C_TCAATCTGTTGTTGAC,Monocytes
Old_D5_B_TGTGATGGTAACGCGA,Monocytes
Old_D1_A_ACACTGAAGACCGTTT,Monocytes
Old_D3_5_D_ATCGGATCACACAGAG,Monocytes
Old_D5_A_GAAGGACAGGCAGCTA,Monocytes
Old_D2_A_AAGCATCCACAGTGAG,Monocytes
Old_D3_5_D_CTTCCTTAGAAACCAT,Monocytes
Old_D3_5_A_CCACGTTAGTGACCTT,Monocytes
Old_D5_A_GCGAGAACACAAGCAG,Monocytes
Old_D3_5_C_CAGCAGCTCACTGGTA,Monocytes
Old_D1_D_ATCACTTCATAAGATG,Monocytes
Old_D1_D_TGGTAGTAGGGCAGGA,Monocytes
Old_D3_5_D_TAACGACTCAGTCCGG,Monocytes
Old_D1_C_ATTCACTCACTGCACG,Monocytes
Old_D7_B_TCTCCGATCTAGGCAT,Monocytes
Old_D1_C_TGAACGTCATTAGGCT,Monocytes
Old_D3_5_C_CAATCGACACTTGAAC,Monocytes
Old_D2_A_AGACCCGGTTCAACGT,Monocytes
Old_D2_C_AGGTGTTTCCCTCATG,Monocytes
Old_D3_5_A_CCATAAGAGATGGTAT,Monocytes
Old_D2_A_TATTTCGTCGTAGGGA,Monocytes
Old_D2_A_GTAGGTTAGCACAAAT,Monocytes
Old_D5_B_GCTGGGTGTGTGCTTA,Monocytes
Old_D1_B_TGAGGTTCACAACGTT,Monocytes
Old_D5_B_ATCCGTCAGCGCCTCA,Monocytes
Old_D2_C_ACCATTTCACCAGTAT,Monocytes
Old_D5_C_CACTGGGCAGGACTTT,Monocytes
Old_D1_D_AGTAACCTCGTAGCTA,Monocytes
Old_D1_C_TTGCCTGGTCGAGCAA,Monocytes
Old_D1_C_GGATCTATCCGATCTC,Monocytes
Old_D2_A_ATTACTCCATACCATG,Monocytes
Old_D3_5_D_ATTCCCGAGCTCTGTA,Monocytes
Old_D7_C_CACGTGGCACCCTAAA,Monocytes
Old_D3_5_A_GAGGCAAGTACAAGTA,Monocytes
Old_D1_D_AACAGGGGTCAGACGA,Monocytes
Old_D3_5_B_CTGTAGACAGCTGGTC,Monocytes
Old_D3_5_C_CCCATTGTCATCAGTG,Monocytes
Old_D1_D_TCGGGACGTAACATCC,Monocytes
Old_D2_A_TCATCCGTCAACACGT,Monocytes
Old_D3_5_C_ACATGCATCATGTCAG,Monocytes
Old_D2_A_CTGTGGGTCTGAGGCC,Monocytes
Old_D1_A_TTGCCTGAGCTGGTGA,Monocytes
Old_D3_5_C_TGGATGTGTCGTTGGC,Monocytes
Old_D3_5_D_ATCTCTAGTGGGTATG,Monocytes
Old_D2_A_GTGTAACAGTTGGCTT,Monocytes
Old_D2_B_CTACCTGCAGTTAGGG,Monocytes
Old_D5_B_TGTCCCACAGTCGCAC,Monocytes
Old_D2_A_TGACTCCAGGTCCTGC,Monocytes
Old_D5_A_ACCCTTGCATCCGGCA,Monocytes
Old_D2_B_ATCCACCAGCACCTGC,Monocytes
Old_D3_5_B_GTTAGACCACGTTCGG,Monocytes
Old_D5_B_AGTACTGCAGTCGCAC,Monocytes
Old_D3_5_B_CCGAACGTCCAGGACC,Monocytes
Old_D2_A_ACGTACACATCCGTGG,Monocytes
Old_D2_C_TACTTCAGTACTGCCG,Monocytes
Old_D2_A_TGGGAAGAGTAGAATC,Monocytes
Old_D2_B_GAACGTTAGCAAACAT,Monocytes
Old_D1_C_CGGAACCCAAACCGGA,Monocytes
Old_D2_A_GCCTGTTTCGCTATTT,Monocytes
Old_D2_A_GAGTGAGGTGAGCAGT,Monocytes
Old_D2_A_ACTCCCAGTAACAGGC,Monocytes
Old_D3_5_A_CTAACTTAGGCGCTCT,Monocytes
Old_D1_A_GACTATGAGACGACGT,Monocytes
Old_D2_A_CACAACATCGCCTTTG,Monocytes
Old_D3_5_B_CAGTTAGGTGCCGAAA,Monocytes
Old_D2_A_ACTGCAACAGTATTCG,Monocytes
Old_D3_5_B_GGGAGATGTATACAGA,Monocytes
Old_D3_5_B_GCGATCGAGATACCAA,Monocytes
Old_D2_C_TCCTTTCCAGACCCGT,Monocytes
Old_D3_5_B_AACCTTTAGCGGACAT,Monocytes
Old_D2_B_GTGTGGCCACGTGTGC,Monocytes
Old_D5_A_TCATATCTCTCGGGAC,FAPs
Old_D5_B_TACTTCATCTCGTGGG,FAPs
Old_D5_B_GTTAGTGAGAAGCCAC,FAPs
Old_D3_5_C_TGGTTAGAGTCGCTAT,FAPs
Old_D1_A_GGTGATTGTAAGAACT,FAPs
Old_D1_B_AGCTACAAGCATGAAT,FAPs
Old_D0_B_TCACACCAGCAACTTC,FAPs
Old_D5_B_TAATCTCAGAAGCTGC,FAPs
Old_D0_C_CGAGGCTCAACTGATC,FAPs
Old_D3_5_B_GTTCGCTTCGAAGCCC,FAPs
Old_D5_B_AGGCATTGTACCCAGC,FAPs
Old_D7_B_AAAGGATTCGTCTAAG,FAPs
Old_D5_B_GGATCTAGTCATCTAG,FAPs
Old_D5_A_CTCAGGGGTACAAGCG,FAPs
Old_D5_B_CACGAATGTTTCACTT,FAPs
Old_D0_B_TCCTGCAAGTTGTAAG,FAPs
Old_D5_B_GACTTCCTCACCACAA,FAPs
Old_D1_C_TCAAGACTCCCTCAAC,FAPs
Old_D2_A_TTGGATGGTATTTCCT,FAPs
Old_D5_B_TTGAACGGTGACATCT,FAPs
Old_D3_5_B_GTGTAACCAAGAGTAT,FAPs
Old_D0_A_GATCATGTCAAATGCC,FAPs
Old_D5_B_AAAGTCCAGCATAGGC,FAPs
Old_D7_A_AGCTCAATCACATTGG,FAPs
Old_D7_B_CGGCAGTAGCTAATCC,FAPs
Old_D7_A_TTTGGAGTCGCGGACT,FAPs
Old_D0_B_GTGAGCCGTGAGAGGG,FAPs
Old_D0_B_AACGTCACATCCGCGA,FAPs
Old_D3_5_B_ACAGCCGCAGGACATG,FAPs
Old_D0_A_ACCATTTAGTAAACAC,FAPs
Old_D5_B_CTGGACGAGGTCGTGA,FAPs
Old_D3_5_A_ACTCTCGGTGTTCGTA,FAPs
Old_D3_5_A_GTCTAGACAGGCGTTC,FAPs
Old_D3_5_C_AAAGAACTCGCGATCG,FAPs
Old_D5_C_CAGATCAAGCGATGAC,FAPs
Old_D0_C_TGTACAGCAGCTATTG,FAPs
Old_D7_B_TACGCTCGTGCATACT,FAPs
Old_D2_A_CATGCGGTCTCTTGCG,FAPs
Old_D7_A_GAGCTGCAGAAACCAT,FAPs
Old_D5_B_CTGTCGTCAGCTGCCA,FAPs
Old_D3_5_B_ATTCTTGCACAGACGA,FAPs
Old_D3_5_D_CAATCGAGTGGCAGAT,FAPs
Old_D2_B_AAGGAATCAACAGTGG,FAPs
Old_D0_A_CTCAACCCAAGGACAC,FAPs
Old_D0_B_GGAAGTGAGTGGTGAC,FAPs
Old_D1_C_GTTAGTGCAATTCACG,FAPs
Old_D3_5_C_CTCCATGCAGGTTCAT,FAPs
Old_D7_B_TATTGCTTCATCGGGC,FAPs
Old_D7_A_GCCTGTTGTAGTCGTT,FAPs
Old_D3_5_B_GCTACAAGTCATCCGG,FAPs
Old_D7_A_GGCTTGGGTCCAGCAC,FAPs
Old_D5_A_TCGTAGACACTACACA,FAPs
Old_D3_5_A_GAAGGACAGAGAGCCT,FAPs
Old_D5_B_GTATTGGCAAGATGTA,FAPs
Old_D3_5_D_TCGCTTGGTTTCGATG,FAPs
Old_D3_5_C_TCAAGCAAGTGGTTAA,FAPs
Old_D7_A_ATCGGATCAACAGCCC,FAPs
Old_D7_B_AGGTCTAGTCCTCAGG,FAPs
Old_D7_A_CACAGATTCATGGAGG,FAPs
Old_D7_B_AGGCTGCTCATGCTAG,FAPs
Old_D5_B_GGTGATTTCTGCCCTA,FAPs
Old_D0_B_GCCAACGCAGTGCGCT,FAPs
Old_D3_5_C_AATGCCAAGAAATTCG,FAPs
Old_D5_B_AGGAATATCGACCCAG,FAPs
Old_D7_A_ATCGTCCAGCATGGGT,FAPs
Old_D2_B_GCTGAATGTAAGCAAT,FAPs
Old_D5_B_CATCGGGGTCATATGC,FAPs
Old_D0_B_AAACGCTTCTCCTGCA,FAPs
Old_D0_B_TTGACCCCAGAGGGTT,FAPs
Old_D0_C_CCGCAAGGTTGACGGA,FAPs
Old_D0_A_GGGATCCGTTTCCAAG,FAPs
Old_D1_D_CTCATTACAGGTGTGA,FAPs
Old_D5_A_CCCGAAGCACGATTCA,FAPs
Old_D7_B_GTAATGCTCACCTTAT,FAPs
Old_D2_A_TCAGTCCTCGCCAATA,FAPs
Old_D2_B_CTTGATTAGTCTGCAT,FAPs
Old_D0_B_ACGCACGCAAGACAAT,FAPs
Old_D5_B_TGCTCCATCGCTCCTA,FAPs
Old_D1_D_GCCGTGACAAAGAGTT,FAPs
Old_D3_5_C_CTGATCCTCACTGCTC,FAPs
Old_D7_B_CTCTCGATCCATTGTT,FAPs
Old_D2_A_AACAACCTCCCTCTCC,FAPs
Old_D7_B_ACTTTGTCAGCGGATA,FAPs
Old_D7_B_ATGCCTCGTTAGTTCG,FAPs
Old_D3_5_B_ATCGCCTCATGACTAC,FAPs
Old_D1_C_TCAGCAACATGATCTG,FAPs
Old_D0_B_ACCATTTTCTGGAGAG,FAPs
Old_D7_B_TCTACCGGTTACGATC,FAPs
Old_D5_A_TGCATCCTCTTACACT,FAPs
Old_D7_A_TGTAAGCTCGTGCTCT,FAPs
Old_D7_A_CGGACACAGAGGCCAT,FAPs
Old_D3_5_B_AGGTAGGCAATAGTAG,FAPs
Old_D0_A_GACAGCCAGGCATGGT,FAPs
Old_D0_B_GCTACAAGTTCTTGTT,FAPs
Old_D5_C_GGAGAACGTCACCACG,FAPs
Old_D0_B_CCCAACTGTTGGGCCT,FAPs
Old_D0_B_TGTGAGTTCCATCTGC,FAPs
Old_D1_C_CATGAGTTCCCTTTGG,FAPs
Old_D3_5_D_AACAGGGGTGGGCTCT,FAPs
Old_D7_A_AGTAGCTCACTGAGTT,FAPs
Old_D0_B_ACTCCCATCCAAGGGA,FAPs
Old_D7_A_TCATGCCTCATCGCTC,FAPs
Old_D3_5_D_CGATCGGGTCCCACGA,FAPs
Old_D2_A_CAACCTCCAATCAAGA,FAPs
Old_D5_B_ACACTGACAAGGCTTT,FAPs
Old_D3_5_D_AAACGCTTCTCCCTAG,FAPs
Old_D7_A_CCTGCATAGATCGCCC,FAPs
Old_D3_5_B_GACTCAATCGTCAACA,FAPs
Old_D5_B_CGCGTGAGTCAAGCGA,FAPs
Old_D5_B_AAAGTCCTCAAAGACA,FAPs
Old_D7_A_TGTCCCAAGCGCCATC,FAPs
Old_D1_D_TCAGGTACATGACGTT,FAPs
Old_D7_A_GGGTTATTCATCTATC,FAPs
Old_D7_A_CGATGGCTCATTCCTA,FAPs
Old_D5_C_GATCATGCAGCTACCG,FAPs
Old_D5_B_GGGTGAAGTCGACTGC,FAPs
Old_D3_5_A_TCATGCCAGCTACTAC,FAPs
Old_D7_A_AGAGCAGTCGATACTG,FAPs
Old_D2_A_ATTACTCGTGTGAATA,FAPs
Old_D1_D_GCCAGGTAGGTCGCCT,FAPs
Old_D7_A_CAGATCAGTGGCTTGC,FAPs
Old_D5_A_GGGAGTACAGGACATG,FAPs
Old_D0_B_AGCTTCCTCCACTGAA,FAPs
Old_D0_C_AACCCAATCATGCCCT,FAPs
Old_D0_B_TGTTCTAAGCAAATCA,FAPs
Old_D7_A_CACGAATTCGGAGTGA,FAPs
Old_D7_A_ATTGGGTAGACGGTTG,FAPs
Old_D0_C_CATAGACCAGGTCTCG,FAPs
Old_D7_B_ACCTGTCAGATGTTCC,FAPs
Old_D7_A_GTGGAAGCAATCTGCA,FAPs
Old_D0_A_AAGATAGCAATGGCAG,FAPs
Old_D2_A_GGAACCCCATAACGGG,FAPs
Old_D7_A_AGTTAGCTCCGGGACT,FAPs
Old_D7_B_GCTTGGGAGAGTCTGG,FAPs
Old_D7_A_TGCTCCACAGCAGAAC,FAPs
Old_D7_A_TGAGACTGTCACTTAG,FAPs
Old_D7_A_CCCGGAATCACTGAAC,FAPs
Old_D0_B_GACCTTCCACGCGTCA,FAPs
Old_D5_B_GATTGGTGTGTGTGGA,FAPs
Old_D1_C_TCTCTGGTCCTACCGT,FAPs
Old_D7_A_ACTTCGCGTATGAAGT,FAPs
Old_D2_A_TTTACGTCACAGTCAT,FAPs
Old_D2_A_TCCTGCACAGCACCCA,FAPs
Old_D5_A_AAAGTGACACAGTCGC,FAPs
Old_D0_A_CCGTAGGGTCGTGCCA,FAPs
Old_D5_B_GAATCACTCAGCAATC,FAPs
Old_D7_B_ATCCCTGAGATGGTAT,FAPs
Old_D2_A_TTGTTCAAGATACATG,FAPs
Old_D5_A_AAAGAACCACGTACAT,FAPs
Old_D3_5_C_TAGGAGGGTGCGGCTT,FAPs
Old_D0_B_TTGAACGTCCATCTAT,FAPs
Old_D5_B_TTCCGGTTCCGTAATG,FAPs
Old_D3_5_B_CTTGATTCATGGAGAC,FAPs
Old_D2_A_CAGATTGAGAACCGCA,FAPs
Old_D5_B_CATTGCCGTTCGAGCC,FAPs
Old_D0_B_GTGGCGTCACTTCAGA,FAPs
Old_D7_A_TGAATCGGTCATGGCC,FAPs
Old_D2_A_AGAAGCGCATCCTTGC,FAPs
Old_D7_B_CCGTTCAAGTGTTGTC,FAPs
Old_D7_A_AGATCCAGTATAGGAT,FAPs
Old_D3_5_D_GATCACATCGAGAATA,FAPs
Old_D0_B_ACTGATGCACCCTAGG,FAPs
Old_D1_D_AAAGAACTCTATCGTT,FAPs
Old_D5_B_AGCGTATAGTGGTGAC,FAPs
Old_D5_B_CTCATGCTCTGCACCT,FAPs
Old_D7_A_TTGTGTTTCCCTGGTT,FAPs
Old_D5_C_AACAAAGAGCTTCGTA,FAPs
Old_D5_B_GAGGGATGTGTACGCC,FAPs
Old_D1_A_CTCTGGTCAGCAGTAG,FAPs
Old_D0_B_AGCGCCACATCACCAA,FAPs
Old_D7_A_TACCGGGCAACGGCCT,FAPs
Old_D7_C_GGGCTCAAGGATTCAA,FAPs
Old_D0_C_CAGTGCGCAAGAGTAT,FAPs
Old_D1_D_GACCCTTTCACCTACC,FAPs
Old_D5_B_ACCCTTGTCGCGTGAC,FAPs
Old_D1_D_TCGGATATCTCGGCTT,FAPs
Old_D5_A_GAATAGAAGCCTCTCT,FAPs
Old_D3_5_B_AAGTCGTCAGTCGGTC,FAPs
Old_D1_C_CTCCAACGTCGGCACT,FAPs
Old_D7_C_TTCCGTGTCTTTGCAT,FAPs
Old_D5_B_TCAGTGAAGGCTTCCG,FAPs
Old_D7_B_AGAGCCCTCACTACGA,FAPs
Old_D7_A_CAGGGCTTCGTTCTCG,FAPs
Old_D5_A_TGAGGGAGTTACGATC,FAPs
Old_D7_A_AGGGCTCCAATTCTTC,FAPs
Old_D0_C_TGGTAGTTCATTCATC,FAPs
Old_D2_A_CCAATGATCACGATAC,FAPs
Old_D0_B_CCCTCAACACGTACAT,FAPs
Old_D2_A_GTTGAACTCCAAAGGG,FAPs
Old_D5_B_AGGACTTTCTTGAGCA,FAPs
Old_D0_B_TTAGTCTCAGAATGTA,FAPs
Old_D0_B_GGTCTGGGTGCACATT,FAPs
Old_D0_B_CGTCAAACACTCCGGA,FAPs
Old_D7_A_TTCCGGTAGAGTCACG,FAPs
Old_D1_D_AATGGAAAGGCTCAAG,FAPs
Old_D2_C_ATTATCCAGGACAACC,FAPs
Old_D7_A_GCTGCAGGTGCGCTCA,FAPs
Old_D0_B_AGGAGGTTCCACAGCG,FAPs
Old_D0_C_TTTAGTCGTGAGCCAA,FAPs
Old_D7_A_GATGAGGCAGCAGTGA,FAPs
Old_D5_B_GTTGCGGCACAAGTGG,FAPs
Old_D5_B_CTGTGGGCAGCGTACC,FAPs
Old_D0_D_CAGATTGGTTTACTTC,FAPs
Old_D3_5_D_GACTCAACACCGCTGA,FAPs
Old_D5_B_TTCCTCTAGTCACAGG,FAPs
Old_D7_B_GGGATCCGTAAGATCA,FAPs
Old_D2_A_TCAGCAACAGAGAGGG,FAPs
Old_D2_A_CGCATAACATCCGAAT,FAPs
Old_D5_B_CACGTTCCAGCGACAA,FAPs
Old_D7_C_AGTAGTCAGCAGCAGT,FAPs
Old_D5_B_GTCCACTTCGCTAAAC,FAPs
Old_D7_A_CGAATTGAGGTAGGCT,FAPs
Old_D7_B_AATTTCCCACTTCTCG,FAPs
Old_D0_B_GTTACAGCATCTCGTC,FAPs
Old_D2_A_TGTTCCGAGGATATGT,FAPs
Old_D5_B_GAAGCGAAGAGACAAG,FAPs
Old_D3_5_B_GGTAACTAGAAGATCT,FAPs
Old_D5_B_CGAGTGCCAATTGCCA,FAPs
Old_D7_B_GGGCCATTCTAGAGCT,FAPs
Old_D2_A_TGCTTCGTCTATACGG,FAPs
Old_D2_A_GATAGCTCAGGCTCTG,FAPs
Old_D5_B_GTTGAACCACTACGGC,FAPs
Old_D1_C_TGTAAGCAGATCGCTT,FAPs
Old_D7_A_ATGGGTTGTGCTCCGA,FAPs
Old_D5_B_GATCACATCGTTCGCT,FAPs
Old_D2_A_TACATTCGTAATGCGG,FAPs
Old_D1_D_TCGAAGTCAGCGCGTT,FAPs
Old_D3_5_D_TCCTAATGTGACATCT,FAPs
Old_D1_C_GGTGGCTGTGCCCGTA,FAPs
Old_D1_C_GGCTTTCCACGGTGTC,FAPs
Old_D5_A_GTTGTGACATCACAGT,FAPs
Old_D5_B_CACTGGGAGTATTGCC,FAPs
Old_D5_B_GACTCTCAGCTATCCA,FAPs
Old_D0_C_TCATGAGTCGTTCTAT,FAPs
Old_D7_A_GTTATGGAGCGGTAGT,FAPs
Old_D7_A_CGAGGCTCAATCCAGT,FAPs
Old_D5_B_GAAATGAAGCGCTTCG,FAPs
Old_D0_C_TGGGCTGGTCGATTTG,FAPs
Old_D7_C_GAGTGTTTCAAAGAAC,FAPs
Old_D2_B_ACTGTCCCAGATACCT,FAPs
Old_D7_A_TACCTCGTCACACCCT,FAPs
Old_D3_5_B_TATCAGGGTTTACGTG,FAPs
Old_D7_A_TTGTTTGGTAGGCAGT,FAPs
Old_D5_B_CTCTGGTTCGGTCTGG,FAPs
Old_D5_B_CGGGTCAGTCGCATCG,FAPs
Old_D1_C_CATACTTAGCAAACAT,FAPs
Old_D3_5_C_TTTACGTGTCACCACG,FAPs
Old_D5_B_TGTTCATGTACCAATC,FAPs
Old_D1_B_CTACGGGTCTAGAACC,FAPs
Old_D2_A_CATTCCGTCAGTGGGA,FAPs
Old_D7_B_ACAAGCTCAGGACATG,FAPs
Old_D3_5_C_GGGTCTGAGATCGCCC,FAPs
Old_D5_B_ACTCTCGCACAGCTTA,FAPs
Old_D0_B_GTTCTATTCCATCCGT,FAPs
Old_D5_C_TCAGCCTCAAAGACTA,FAPs
Old_D2_A_TGTTGAGAGTCGTCTA,FAPs
Old_D1_C_TCATGCCGTCTACACA,FAPs
Old_D1_A_CACTGAAGTATCGTTG,FAPs
Old_D5_C_CCTATCGTCGCCTATC,FAPs
Old_D5_B_GAGTGTTCAGCAATTC,FAPs
Old_D0_B_CTGAGCGAGCTCCATA,FAPs
Old_D7_A_CGAATTGAGTTAGTGA,FAPs
Old_D5_B_GTCCTCACAAGCGGAT,FAPs
Old_D3_5_D_AGCATCAAGGTCACTT,FAPs
Old_D3_5_A_AGCCACGGTGGTCCCA,FAPs
Old_D5_A_AAGAACATCAATCAGC,FAPs
Old_D0_B_GTCCACTAGATCCTAC,FAPs
Old_D3_5_D_AGTCACACAATACCCA,FAPs
Old_D1_D_CCTCTCCCAGCAGACA,FAPs
Old_D5_B_TCATGAGCAGAATCGG,FAPs
Old_D5_B_ATCCACCGTTCGGGTC,FAPs
Old_D3_5_A_CGGAATTAGGAAACGA,FAPs
Old_D0_C_AGGCTGCGTTACGTAC,FAPs
Old_D3_5_C_TTCTTGAGTGACCGAA,FAPs
Old_D5_A_CGAGGAAGTTGACTGT,FAPs
Old_D5_B_AAGACAAAGGGTGGGA,FAPs
Old_D7_B_GGAATGGCACACCTAA,FAPs
Old_D7_A_TACTTGTAGCATCTTG,FAPs
Old_D7_A_TTACAGGAGTGGAAAG,FAPs
Old_D5_C_GAAGAATGTAGGACTG,FAPs
Old_D0_B_TAGTGCAGTTATCTTC,FAPs
Old_D5_B_ATTTCACTCCGCCTAT,FAPs
Old_D1_C_TCATCCGGTGATATAG,FAPs
Old_D7_A_GGTTGTAGTGAATAAC,FAPs
Old_D7_B_TCGGGCAGTTGGTGTT,FAPs
Old_D7_B_GTAATGCTCTTGCGCT,FAPs
Old_D0_B_TGATCAGCAAGGATGC,FAPs
Old_D3_5_C_GTCCACTGTTTACGAC,FAPs
Old_D0_A_CCTCACACATGAAGGC,FAPs
Old_D5_C_CGGACACCAATAAGGT,FAPs
Old_D5_B_TTGAACGGTCTTCGAA,FAPs
Old_D1_D_CGAGTGCGTTTGTTCT,FAPs
Old_D2_A_TTACTGTAGTGCACCC,FAPs
Old_D0_B_CCTACGTCAGTCGCTG,FAPs
Old_D1_C_AGTAGTCCATGTGGCC,FAPs
Old_D0_B_GGACGTCAGCCTTCTC,FAPs
Old_D5_B_AAGCGAGAGTGAGTGC,FAPs
Old_D5_B_AGATCCACAGATCATC,FAPs
Old_D5_B_GACGCTGGTAAGGCTG,FAPs
Old_D0_C_ACGTCCTGTCGCCACA,FAPs
Old_D3_5_D_TTCCTTCTCCGCGAGT,FAPs
Old_D2_A_TCAAGCATCAAACTGC,FAPs
Old_D3_5_B_TGGGAGATCAGCGCAC,FAPs
Old_D0_A_CGTCAAAAGCTCGAAG,FAPs
Old_D7_A_GTGTTCCCATCGATAC,FAPs
Old_D3_5_A_TGATGGTCACTTGAAC,FAPs
Old_D7_A_CGTTCTGCAGAGGGTT,FAPs
Old_D2_B_AACACACCACTTGAAC,FAPs
Old_D7_B_AAAGGTAAGTGGATAT,FAPs
Old_D1_C_GACGCTGAGGTAGTCG,FAPs
Old_D1_A_TATACCTAGGGAGGGT,FAPs
Old_D1_D_TATCAGGGTTGGGATG,FAPs
Old_D7_A_GATGCTATCGACTCCT,FAPs
Old_D7_B_AGACACTGTTAACAGA,FAPs
Old_D5_B_CTGGCAGAGTCCCGGT,FAPs
Old_D0_B_CAATCGAGTACTAAGA,FAPs
Old_D7_A_GGAGGATAGTAAACTG,FAPs
Old_D5_B_TGGGAGATCGCCGAAC,FAPs
Old_D0_D_GTTGAACTCACCCTTG,FAPs
Old_D1_C_TCTATACAGTTTCGAC,FAPs
Old_D5_C_AATCGTGCACTGGAAG,FAPs
Old_D1_C_TTTATGCTCTCTTAAC,FAPs
Old_D2_B_AACGGGAAGGGCAAGG,FAPs
Old_D0_B_CCACTTGTCGCTACAA,FAPs
Old_D5_B_GAAGTAATCTGGTGGC,FAPs
Old_D0_B_CATCCGTAGGGTTAGC,FAPs
Old_D7_B_CGTCCATAGTCTAACC,FAPs
Old_D7_A_GACAGCCCAGAAACCG,FAPs
Old_D7_A_GGAACCCAGCTGAAAT,FAPs
Old_D3_5_D_CGTGAATTCAACCTTT,FAPs
Old_D0_B_ATCTTCAGTTGGTGTT,FAPs
Old_D7_B_GAACTGTCAAAGAGTT,FAPs
Old_D1_C_TTGATGGTCGTGTTCC,FAPs
Old_D3_5_B_GAGGGTATCCGTTGAA,FAPs
Old_D0_B_AGTGCCGGTACTCCCT,FAPs
Old_D5_A_TTTCAGTTCAAACCCA,FAPs
Old_D7_A_ATGCCTCTCTGACAGT,FAPs
Old_D0_A_AGAGCCCTCTCCTACG,FAPs
Old_D7_A_GACAGCCGTCCAAATC,FAPs
Old_D5_B_CGGACACCACACAGCC,FAPs
Old_D7_A_TCATCCGTCTGCCTCA,FAPs
Old_D7_A_CATGCTCCACCTGCGA,FAPs
Old_D5_B_ACTACGAAGATGAACT,FAPs
Old_D5_B_TAGCACAAGTTACTCG,FAPs
Old_D0_A_TGGTTAGCACCCTCTA,FAPs
Old_D3_5_C_GCCCGAACATGACAGG,FAPs
Old_D0_C_TGTTCCGTCATGCAGT,FAPs
Old_D1_D_CCTGTTGGTGTGCTTA,FAPs
Old_D5_B_GAGGGTACAGCGAACA,FAPs
Old_D0_A_AGCTACATCCGGCTTT,FAPs
Old_D7_B_GTATTTCAGCATCAGG,FAPs
Old_D5_B_AACCCAAGTGAGGCAT,FAPs
Old_D0_C_GTAACACCAAGAGCTG,FAPs
Old_D3_5_C_GTCGTTCGTGCCTATA,FAPs
Old_D3_5_A_TTGTGGACAACTGGTT,FAPs
Old_D7_A_CTCCCAAAGAGAACCC,FAPs
Old_D7_B_TCGATTTGTTGCACGC,FAPs
Old_D0_B_TAGGTTGGTTTGGGAG,FAPs
Old_D0_A_GGAGGTACAAAGAACT,FAPs
Old_D1_C_TCAGGGCCATCCTGTC,FAPs
Old_D5_C_TGCTGAAAGCTGGCCT,FAPs
Old_D7_A_CACTAAGAGTCGTTAC,FAPs
Old_D1_C_AGTCACATCTGCATGA,FAPs
Old_D5_B_CCGTTCACAGTGTATC,FAPs
Old_D1_D_AAGTGAAAGGTAGATT,FAPs
Old_D0_B_AAGCGAGAGATGTAGT,FAPs
Old_D3_5_D_ATTCCCGAGTCATCGT,FAPs
Old_D5_A_GACATCATCTGTGTGA,FAPs
Old_D5_B_AGTCTCCAGAAGAACG,FAPs
Old_D2_A_CAACCAAGTCTTTCAT,FAPs
Old_D0_B_GTAACACTCATTGCGA,Endothelial
Old_D7_B_ACCATTTAGATACTGA,Endothelial
Old_D5_A_TACCTGCGTTATGACC,Endothelial
Old_D0_C_GATGGAGCAACTCCAA,Endothelial
Old_D2_B_TTGCATTGTCGTGGTC,Endothelial
Old_D5_C_CCGATCTAGGCATTTC,Endothelial
Old_D7_B_AGACCCGAGTCATGCT,Endothelial
Old_D2_A_TACATTCGTTACCCTC,Endothelial
Old_D0_C_GCACGTGAGCTGTTAC,Endothelial
Old_D0_C_AAACGCTCAAACAGGC,Endothelial
Old_D0_C_TCCGGGATCGTGTTCC,Endothelial
Old_D0_D_GGGATCCTCAGTCACA,Endothelial
Old_D7_B_GTGTTAGCATGCGGTC,Endothelial
Old_D0_C_AAAGTCCAGCTGAGCA,Endothelial
Old_D0_C_GAACTGTTCGGCCAAC,Endothelial
Old_D5_B_CATCGCTGTTGGGACA,Endothelial
Old_D5_C_GGTGTCGTCTATCGTT,Endothelial
Old_D0_C_CCTATCGGTCATGGCC,Endothelial
Old_D0_A_CCTCTAGGTACTTGTG,Endothelial
Old_D0_B_AACAGGGGTCCTGAAT,Endothelial
Old_D0_D_ATAGACCCACATGACT,Endothelial
Old_D3_5_C_TTCCGTGAGCATGCGA,Endothelial
Old_D5_B_CTCATCGGTACTAGCT,Endothelial
Old_D0_A_TTGTGTTTCGTTTACT,Endothelial
Old_D2_B_GCTTTCGGTCACCCTT,Endothelial
Old_D0_C_ACACGCGTCATTCACT,Endothelial
Old_D0_C_TGCTTCGTCATAGGCT,Endothelial
Old_D3_5_A_AAGCCATCAAGGTCGA,Endothelial
Old_D7_B_TTCTGTAGTTCGGCCA,Endothelial
Old_D2_B_CACAACAGTAGAGCTG,Endothelial
Old_D7_B_AGGCATTCATCCTTGC,Endothelial
Old_D1_C_GCTTTCGGTACGCTAT,Endothelial
Old_D7_A_AAGATAGTCATGTCAG,Endothelial
Old_D0_C_TGACCCTAGCGAGAAA,Endothelial
Old_D5_B_GTTTACTCACTCCACT,Endothelial
Old_D5_B_GACCAATCAGAGGCTA,Endothelial
Old_D0_A_CCACACTTCACTCTTA,Endothelial
Old_D0_C_TGTAGACTCTAACGCA,Endothelial
Old_D5_B_CAGGCCATCTGTGCTC,Endothelial
Old_D0_C_GTAGATCCATACCAGT,Endothelial
Old_D2_A_GCCAGGTAGCGGATCA,Endothelial
Old_D5_C_CTTTCGGGTGTCCGTG,Endothelial
Old_D0_D_GCCCAGAGTTCCTTGC,Endothelial
Old_D0_C_CGAGGCTGTTGTCAGT,Endothelial
Old_D0_A_AAAGGTAGTTGGGAAC,Endothelial
Old_D0_C_ACTATCTAGGTACCTT,Endothelial
Old_D0_C_TAGAGTCTCCCACAGG,Endothelial
Old_D3_5_B_TGGATCAAGCTAATCC,Endothelial
Old_D5_C_TTCGCTGTCTAAGCCA,Endothelial
Old_D5_B_GACATCATCTTGCGCT,Endothelial
Old_D3_5_B_TTCAATCGTATACCTG,Endothelial
Old_D0_C_TAACACGCAATTGAGA,Endothelial
Old_D2_C_AAGTGAATCCGTCCTA,Endothelial
Old_D7_B_GGGTAGAAGACTTAAG,Endothelial
Old_D2_C_CGGGACTCACTGCGAC,Endothelial
Old_D0_C_AACAAGACAGTAGATA,Endothelial
Old_D2_A_CGGGCATTCATGCAGT,Endothelial
Old_D0_C_CACCGTTGTGGGTCAA,Endothelial
Old_D0_C_CTACCTGGTATAGCTC,Endothelial
Old_D2_A_CATGGTAGTGTTCAGT,Endothelial
Old_D0_C_TGGGCTGGTTCGAGCC,Endothelial
Old_D1_D_ACAGGGACAATAACGA,Endothelial
Old_D1_A_TTGACCCAGCTGACAG,Endothelial
Old_D7_C_AACAGGGAGGCTTAAA,Endothelial
Old_D7_A_CACGGGTAGCTATCTG,Endothelial
Old_D2_B_CGAATTGGTCGTCGGT,Endothelial
Old_D0_C_GTTGTGAGTGCATTAC,Endothelial
Old_D0_B_ATTCCATAGACAAGCC,Endothelial
Old_D7_B_AACGAAAAGAGGGTCT,Endothelial
Old_D0_C_CACAACATCTCCTACG,Endothelial
Old_D1_D_AGTCATGAGACATACA,Endothelial
Old_D0_B_CGCAGGTTCGCTCATC,Endothelial
Old_D1_A_CCCTTAGAGACCTCAT,Endothelial
Old_D2_A_ATCGCCTGTGAGCGAT,Endothelial
Old_D0_A_GAGGCAACAGCGCGTT,Endothelial
Old_D1_A_GTCAGCGAGTTGAAGT,Endothelial
Old_D2_C_GATAGCTAGAAAGTCT,Endothelial
Old_D0_C_GAGTTTGGTAGAGACC,Endothelial
Old_D1_B_ACGTTCCTCGAAGTGG,Endothelial
Old_D3_5_A_AGCCACGGTGCCAAGA,Endothelial
Old_D5_C_AGCTTCCCACTCTCGT,Endothelial
Old_D0_C_AGTCTCCAGCGATGCA,Endothelial
Old_D0_A_TCTTAGTCAGACAAGC,Endothelial
Old_D0_C_ATGAAAGAGCACTGGA,Endothelial
Old_D2_C_CGCCAGACAGCTACAT,Endothelial
Old_D2_A_GGAGAACCATCGCTGG,Endothelial
Old_D3_5_C_CTAGACAGTGCAATAA,Endothelial
Old_D7_C_CGAGGCTGTTGTCCCT,Endothelial
Old_D0_B_ACTGTGAAGCGTACAG,Endothelial
Old_D7_C_ACTTTCAAGGTTCCGC,Endothelial
Old_D1_D_GTGAGTTAGCATGCGA,Endothelial
Old_D0_A_CATGGATCAAGCCATT,Endothelial
Old_D0_C_CGTTAGATCTCATGCC,Endothelial
Old_D1_A_TCCGGGATCATTACCT,Endothelial
Old_D7_B_TCCGTGTTCTCGTCGT,Endothelial
Old_D5_B_TCCTTCTCATAGACTC,Endothelial
Old_D7_A_CTGTACCGTGACAACG,Endothelial
Old_D3_5_A_TAGACTGAGCGTATGG,Endothelial
Old_D3_5_D_ATTTACCCAACGTAAA,Endothelial
Old_D0_A_CTCCATGCAGCGACAA,Endothelial
Old_D3_5_D_TAGACCACACGATTCA,Endothelial
Old_D3_5_C_ATCCACCGTGACGTCC,Endothelial
Old_D0_A_TGGAGGAGTGTTTCTT,Endothelial
Old_D3_5_B_AGTTAGCTCGTGTGGC,Endothelial
Old_D7_B_CCACTTGTCAAAGAAC,Endothelial
Old_D0_C_CATTTCAAGTTCCATG,Endothelial
Old_D5_A_GGGAGTACACGTCATA,Endothelial
Old_D7_A_TCATGGAAGTCGTCTA,Endothelial
Old_D0_D_TCGTAGACACACGCCA,Endothelial
Old_D5_C_GTCGTTCAGAGATCGC,Endothelial
Old_D7_B_CTTCGGTAGAGTTGAT,Endothelial
Old_D0_B_TCGCAGGAGAGCTGCA,Endothelial
Old_D0_D_ATACCGATCCCAGTGG,Endothelial
Old_D0_A_GCAACATCATTCTTCA,Endothelial
Old_D2_A_CAGCGTGAGGGAGGCA,Endothelial
Old_D7_B_AGGTGTTGTACCGTGC,Endothelial
Old_D2_A_AACCATGAGAAGCGGG,Endothelial
Old_D7_B_AGGTAGGAGAGTGTTA,Endothelial
Old_D0_C_GCTGCAGTCCATCACC,Endothelial
Old_D0_C_CTAACCCCAGAACTTC,Endothelial
Old_D1_A_TATCTTGCAAAGACTA,Endothelial
Old_D0_B_ATTCAGGTCCTACAAG,Endothelial
Old_D7_A_CGTCCATAGGTTTACC,Endothelial
Old_D0_D_GATCAGTTCGGTCTAA,Endothelial
Old_D0_C_TCCTCGAGTACCTATG,Endothelial
Old_D0_C_CTCATTACATAACAGA,Endothelial
Old_D7_A_ACTATGGGTGCTTCAA,Endothelial
Old_D0_A_GTCATCCGTGGTGATG,Endothelial
Old_D0_A_AGTTCCCGTCTGCATA,Endothelial
Old_D2_A_CATGGATTCGTTCAGA,Endothelial
Old_D2_C_TCCGATCCAATTCTCT,Endothelial
Old_D0_A_CTCGAGGTCTCACCCA,Endothelial
Old_D0_C_ATTTCTGCACTGCGAC,Endothelial
Old_D0_B_TTACGTTTCTGCCCTA,Endothelial
Old_D1_A_CATAGACGTCCGCAGT,Endothelial
Old_D0_A_CACGTGGAGCTCATAC,Endothelial
Old_D0_A_TGCATCCCAGAGGGTT,Endothelial
Old_D5_B_ACCCTCAGTGGCTTAT,Endothelial
Old_D1_A_GTTTACTTCGTCGACG,Endothelial
Old_D3_5_B_GTGTAACGTGTATCCA,Endothelial
Old_D0_C_TACGTCCAGCGTTGTT,Endothelial
Old_D0_C_AGGGTCCAGGGCATGT,Endothelial
Old_D3_5_B_AGCATCATCGGCTCTT,Endothelial
Old_D3_5_A_CATTGAGGTACCAGAG,Endothelial
Old_D3_5_C_CGCATAACACACAGAG,Endothelial
Old_D3_5_A_GTCATGAAGTCATTGC,Endothelial
Old_D0_B_TCCTTCTTCGTTACCC,Endothelial
Old_D2_C_TTGGATGAGGGTTAAT,Endothelial
Old_D0_B_GTAACACTCACCCTTG,Endothelial
Old_D0_C_ATTACCTAGGAGAGGC,Endothelial
Old_D5_B_CTCCTCCGTGTATCCA,Endothelial
Old_D7_A_TGAGGGAAGGAGGGTG,Endothelial
Old_D0_A_TGGCGTGCAGTATACC,Endothelial
Old_D0_A_CCTCCAAAGGCTTTCA,Endothelial
Old_D5_B_GAGTTACAGAGCCGAT,Endothelial
Old_D0_C_TTCCACGTCCCAGTGG,Endothelial
Old_D0_B_TCTCCGATCCCATACC,Endothelial
Old_D0_C_CTTTCAAGTTGTGCCG,Endothelial
Old_D5_A_TCCAGAAGTATACGGG,Endothelial
Old_D7_B_AAGACTCAGGATAATC,Endothelial
Old_D0_A_TACCCGTAGGGCTAAC,Endothelial
Old_D7_B_CAACGATCAACTCCAA,Endothelial
Old_D7_B_AGAAGTAGTGAGCCAA,Endothelial
Old_D0_C_TCCCAGTCAGCAATTC,Endothelial
Old_D5_C_CTGAGGCGTGTTCATG,Endothelial
Old_D0_C_CCGAACGTCACGACTA,Endothelial
Old_D5_B_ACGATGTGTCAGACTT,Endothelial
Old_D0_B_CCACAAAAGGTTAAAC,Endothelial
Old_D0_A_TGATTCTAGATGGCGT,Endothelial
Old_D0_A_TTCCAATAGCAGGCTA,Endothelial
Old_D0_A_CTGTACCTCTTGATTC,Endothelial
Old_D1_B_TTATTGCTCCTGCCAT,Endothelial
Old_D2_A_AGATCCACATCTAGAC,Endothelial
Old_D0_C_ACGGAAGGTGGTGATG,Endothelial
Old_D5_A_AGCCAATCACCGTGCA,Endothelial
Old_D7_B_ATACTTCGTGGCTACC,Endothelial
Old_D7_A_CCAAGCGCAGCCGGTT,Endothelial
Old_D0_C_GAGGCCTGTATTGGCT,Endothelial
Old_D7_B_CTACGGGTCGACTCCT,Endothelial
Old_D0_C_TGGAGGACAATCTCTT,Endothelial
Old_D0_C_GCTGAATCAAGCTACT,Endothelial
Old_D5_B_AGGGCCTGTGTGTCCG,Endothelial
Old_D0_C_GGGACAAGTATGAGAT,Endothelial
Old_D7_A_TGTGGCGAGAACAGGA,Endothelial
Old_D5_A_ATAGAGAGTTGCATGT,Endothelial
Old_D7_B_CTGAATGGTTCAGGTT,Endothelial
Old_D0_D_GTTATGGAGCTACAAA,Endothelial
Old_D5_B_GTTCATTAGAAGATCT,Endothelial
Old_D0_A_CATGCTCAGTCACTGT,Endothelial
Old_D2_B_AGTCATGCAGCTACAT,Endothelial
Old_D0_D_CGTTAGAAGCGAGTCA,Endothelial
Old_D1_A_GGAGAACAGATGCGAC,Endothelial
Old_D7_B_AGCGCTGGTGATCATC,Endothelial
Old_D3_5_B_CAGCAGCAGGCGACAT,Endothelial
Old_D1_D_GCCAGTGCAATAAGGT,Endothelial
Old_D2_C_CCTTCAGCATTCTCTA,Endothelial
Old_D7_B_GAGCCTGCAACTTGCA,Endothelial
Old_D7_A_CAGAGCCTCAAACCCA,Endothelial
Old_D5_C_CTTCAATGTCACTCGG,Endothelial
Old_D7_A_CGCAGGTGTGTATTGC,Endothelial
Old_D7_A_GCTTCACGTAGTCGTT,Endothelial
Old_D0_A_TCGTGGGAGGGACTGT,Endothelial
Old_D5_C_CGGAATTAGCATTTGC,Endothelial
Old_D0_C_CAGCCAGAGTTACGTC,Endothelial
Old_D2_A_TGTTCCGCACGGTAGA,Endothelial
Old_D0_C_CGTTCTGTCACTGAAC,Endothelial
Old_D3_5_D_CAGGCCACATGGCCCA,Endothelial
Old_D7_C_TCATTACCACCTGCTT,Endothelial
Old_D2_A_GAGGGATTCGGCCAAC,Endothelial
Old_D1_D_TGATTTCCAAGCTGCC,Endothelial
Old_D7_A_GCGGATCGTACGTTCA,Endothelial
Old_D0_C_TCAAGTGTCACGATCA,Endothelial
Old_D0_D_TCACGCTCACCTCTGT,Endothelial
Old_D0_B_CCTGCATTCGTCTACC,Endothelial
Old_D0_C_CTGGACGAGGTTCTAC,Endothelial
Old_D1_C_CGGAATTGTTGCAAGG,Endothelial
Old_D0_C_GCTGCAGAGACATCAA,Endothelial
Old_D0_C_AAGTACCAGACTCGAG,Endothelial
Old_D2_C_GAAACCTGTCCGGATC,Endothelial
Old_D2_A_TGTAAGCCAATGAACA,Endothelial
Old_D0_C_TGAGCATAGTCGTTAC,Endothelial
Old_D7_B_ATTCTACCACACGGTC,Endothelial
Old_D7_C_TTTAGTCGTGACTGTT,Endothelial
Old_D0_B_CATCGCTTCTCCAAGA,Endothelial
Old_D0_C_CACCAAAGTGAAGCTG,Endothelial
Old_D0_C_GTTGTAGAGGAGTCTG,Endothelial
Old_D1_A_TCTGTCGCATCTTCGC,Endothelial
Old_D2_A_AACTTCTAGGGACAGG,Endothelial
Old_D0_D_CTACCCACAGTGGTGA,Endothelial
Old_D0_C_GAGAGGTGTCGAACAG,Endothelial
Old_D2_A_CCACCATAGACTTCGT,Endothelial
Old_D0_C_AAAGTCCAGCCGCACT,Endothelial
Old_D7_B_GACGCTGTCAACTGAC,Endothelial
Old_D7_B_AGGGTTTAGGTTGGAC,Endothelial
Old_D0_D_GCCAGTGGTTCAGGTT,Endothelial
Old_D5_B_CGCGTGACAGTGGTGA,Endothelial
Old_D1_D_TTGTTTGTCACACCCT,Endothelial
Old_D0_C_GTCCTCATCGGCTGTG,Endothelial
Old_D0_A_TACAACGAGCGACTTT,Endothelial
Old_D3_5_B_GTTGTCCAGGATCACG,Endothelial
Old_D1_D_GATTCTTAGACGATAT,Endothelial
Old_D5_C_AGTTAGCAGAATCTAG,Endothelial
Old_D0_C_ACAGGGAGTCGCATCG,Endothelial
Old_D0_C_GAGTCATTCTCATAGG,Endothelial
Old_D0_B_AGTGACTTCCTAGCTC,Endothelial
Old_D0_B_CGAAGTTTCGCATAGT,Endothelial
Old_D0_D_ATGCCTCAGAGTCACG,Endothelial
Old_D0_C_GATTGGTAGTCAGAGC,Endothelial
Old_D5_B_ACGCACGTCCTTCTAA,Endothelial
Old_D2_B_CAGTTCCTCTACCCAC,Endothelial
Old_D3_5_A_AACCACACATGGGTCC,Endothelial
Old_D2_C_AATCGACCACACTGGC,Endothelial
Old_D0_C_TACTTCACATGGCCAC,Endothelial
Old_D5_A_AAATGGATCTTCGGAA,Endothelial
Old_D0_D_GAGCTGCAGGCGTCCT,Endothelial
Old_D0_A_CCTCATGCACGTAGAG,Endothelial
Old_D0_C_GTGTGGCAGGCTAACG,Endothelial
Old_D1_A_GGGTGAAAGTCAGGGT,Endothelial
Old_D3_5_D_GTTAGACGTAGGAGGG,Endothelial
Old_D3_5_D_TAATTCCGTCAATGGG,Endothelial
Old_D2_C_CTCATTATCATTGCGA,Endothelial
Old_D0_B_ACACCAATCGGTGCAC,Endothelial
Old_D0_C_TTGGGTAGTAGCTGCC,Endothelial
Old_D1_A_GGAGAACTCCCAGGAC,Endothelial
Old_D1_C_CGACAGCGTCCCTAAA,Endothelial
Old_D0_C_CGTGATAAGCAACAGC,Endothelial
Old_D0_A_TCTTTGAAGGATGGCT,Endothelial
Old_D3_5_D_GGAACCCGTTGCTAGT,Endothelial
Old_D7_A_AATCGACAGCTTAAGA,Endothelial
Old_D0_C_CTGTAGAAGTCTTGGT,Endothelial
Old_D0_A_CATTGCCGTCGATGCC,Endothelial
Old_D0_C_TCGGGACCATTCGGGC,Endothelial
Old_D5_C_TCCTTCTCAACCAGAG,Endothelial
Old_D5_C_GGGTATTTCTCGACGG,Endothelial
Old_D0_C_GAGTTACCAGGTGTGA,Endothelial
Old_D5_B_TTCTTGAGTGATAGTA,Endothelial
Old_D0_A_TAGGAGGCAGGTGTTT,Endothelial
Old_D0_C_TTACGTTTCTCAATCT,Endothelial
Old_D1_C_ACCTGTCTCGTGAGAG,Endothelial
Old_D0_C_GGCTTTCTCGTCGCTT,Endothelial
Old_D0_D_TACGTCCAGGTCCCTG,Endothelial
Old_D7_A_TTGTGGAGTCACGCTG,Endothelial
Old_D1_C_AACCTGAAGTCGGCCT,Endothelial
Old_D0_C_TGCTTCGTCGTGAGAG,Endothelial
Old_D0_C_AGGAATACAAGTGATA,Endothelial
Old_D0_C_GATAGAACAATACAGA,Endothelial
Old_D0_D_TCGTGCTCATTAAGCC,Endothelial
Old_D1_B_TCTCCGAGTCATAAAG,Endothelial
Old_D0_A_TCTCACGCATGACACT,Endothelial
Old_D7_A_AGTGACTGTTGCATCA,Endothelial
Old_D0_A_GCACATAAGGAACGTC,Endothelial
Old_D0_C_TTACGCCGTCTGTGGC,Endothelial
Old_D3_5_B_CACCGTTAGATTAGTG,Endothelial
Old_D0_C_TCATTCAAGTATGATG,Endothelial
Old_D0_A_GACTGATTCTAAGAAG,Endothelial
Old_D0_C_GGGTCACAGTAGTCTC,Endothelial
Old_D0_D_TCTAACTTCGCACGAC,Endothelial
Old_D5_C_GCACGGTTCCGATCGG,Endothelial
Old_D0_B_CCTAAGAAGCGACTGA,Endothelial
Old_D0_C_GACGCTGGTCCACGCA,Endothelial
Old_D1_D_TTCTGTACACCCATAA,Endothelial
Old_D1_D_GAGGGTAGTCGTCTCT,Endothelial
Old_D2_A_GTGTCCTAGGCTGGAT,Endothelial
Old_D1_A_GAGTGAGCAGGAGACT,Endothelial
Old_D7_A_ACTTTGTCACCATAAC,Endothelial
Old_D7_B_AAGCATCAGTCAACAA,Endothelial
Old_D2_C_TATCTTGAGGACACTG,Endothelial
Old_D0_C_CCATCACGTGGATCGA,Endothelial
Old_D7_A_TAATTCCCAGCTGAAG,Endothelial
Old_D1_B_AGATCCACAAGGTTGG,Endothelial
Old_D7_C_GTCATGAGTTGTGCAT,Endothelial
Old_D0_A_GGCACGTAGATGCTGG,Endothelial
Old_D2_C_CATGCAAAGGTTGGTG,Endothelial
Old_D0_B_CGCAGGTTCACTTTGT,Endothelial
Old_D0_B_TACGTCCTCAAGAGTA,Endothelial
Old_D7_A_CGAGGCTGTCCGGTCA,Endothelial
Old_D5_C_CTTTCAAAGCCTTTGA,Endothelial
Old_D0_A_TGGGCTGCAACAAGTA,Endothelial
Old_D2_C_CCTCCAAAGCATGAAT,Endothelial
Old_D1_D_TCACAAGAGGAGTCTG,Endothelial
Old_D1_D_GTTTACTCACACCGAC,Endothelial
Old_D5_C_TCCTAATAGCAGCGAT,Endothelial
Old_D7_C_GTAACACTCAGCTAGT,Endothelial
Old_D0_A_TTGTTCATCGGCTGTG,Endothelial
Old_D0_C_GACACGCAGAATCGTA,Endothelial
Old_D5_B_CATGCCTTCTAACGGT,Endothelial
Old_D0_B_CAAGACTCAAACTGCT,Endothelial
Old_D1_A_CGTTCTGGTTGAGGAC,Endothelial
Old_D5_B_TCAATCTCACTTGTCC,Endothelial
Old_D0_C_AAATGGAAGTCATGGG,Endothelial
Old_D7_A_AATGGAAAGGATATAC,Endothelial
Old_D0_B_CGAGAAGGTCAGGCAA,Endothelial
Old_D5_B_AACCAACGTCGTACAT,Endothelial
Old_D7_B_TTCAATCTCACATACG,Endothelial
Old_D7_B_GGGACTCTCTAAGAAG,Endothelial
Old_D0_D_CTTAGGACACAGGATG,Endothelial
Old_D1_B_CTCAGTCGTCCCAAAT,Endothelial
Old_D1_C_GGTGGCTCAGCCGTCA,Endothelial
Old_D5_C_GCCAGTGCACGGGTAA,Endothelial
Old_D2_A_GCATGATCAGAAGTTA,Endothelial
Old_D2_C_ATCACAGTCCCATGGG,Endothelial
Old_D0_B_ACTATTCTCCAGTGTA,Endothelial
Old_D2_B_CGCAGGTTCTACACAG,Endothelial
Old_D0_C_TAACTTCTCTGCCCTA,Endothelial
Old_D7_C_TACATTCAGATACGAT,Endothelial
Old_D0_C_TCCTAATCAGGTATGG,Endothelial
Old_D0_A_TCATTTGGTGGCTACC,Endothelial
Old_D0_D_TCGACGGCAAAGTGTA,Endothelial
Old_D1_B_AAACCCAAGATGAATC,Endothelial
Old_D0_B_ACGTAACGTACCTTCC,Endothelial
Old_D3_5_C_CTACAGAAGAGCGACT,Endothelial
Old_D7_A_TGACTCCCAATGAGCG,Endothelial
Old_D3_5_C_TGTGGCGCAATACCCA,Endothelial
Old_D5_B_ACTATCTCAACACGAG,Endothelial
Old_D5_B_AAGACAAAGATGCTAA,Endothelial
Old_D2_C_TGTTCTATCATGGGAG,Endothelial
Old_D2_C_ATCGCCTAGACTCTAC,Endothelial
Old_D2_B_CCCTAACCAATCCAGT,Endothelial
Old_D0_C_AGGGCTCAGCAAATGT,Endothelial
Old_D7_B_ACGTACACATGTACGT,Endothelial
Old_D0_A_TTCTGTACAAGTCGTT,Endothelial
Old_D0_C_GGGCCATAGGTGGCTA,Endothelial
Old_D5_B_ACTTCCGGTTTGTGGT,Endothelial
Old_D7_C_AGCTCAAGTTCTTAGG,Endothelial
Old_D0_D_GTGTGATTCTGGACTA,Endothelial
Old_D0_C_ACTCCCATCCGCGGAT,Endothelial
Old_D1_A_GCCATGGAGCATGCGA,Endothelial
Old_D0_C_AATGAAGTCGACCATA,Endothelial
Old_D2_A_TGGGAGAGTATGTCAC,Endothelial
Old_D0_C_CGACAGCTCTGTAAGC,Endothelial
Old_D0_C_CAGCAGCCATATGGCT,Endothelial
Old_D2_B_CTCCGATTCTTCTGTA,Endothelial
Old_D0_C_CAGTGCGGTACTCCGG,Endothelial
Old_D0_C_CTGGACGTCTCGCTCA,Endothelial
Old_D2_C_AAAGGGCCACCTATCC,Endothelial
Old_D0_D_CACAGATCAGAGCTAG,Endothelial
Old_D2_B_ATGATCGAGTCATGGG,Endothelial
Old_D0_B_CGGAACCGTTTGAACC,Endothelial
Old_D5_B_GGAGGATAGAGTTGTA,Endothelial
Old_D0_C_CTCATGCCATAATGCC,Endothelial
Old_D0_C_ACAGCCGCATAAGCAA,Endothelial
Old_D3_5_C_AATGGAAAGTAGGAAG,Endothelial
Old_D0_C_GTCTACCCAAACAGGC,Endothelial
Old_D0_D_GCAACATAGACTCTTG,Endothelial
Old_D3_5_C_ATTATCCAGGAAGTGA,Endothelial
Old_D0_D_CATCGGGAGGACTATA,Endothelial
Old_D0_C_CAGGCCACACGTTGGC,Endothelial
Old_D5_A_AACACACCAGATTCGT,Endothelial
Old_D3_5_D_CAATACGAGAAACACT,Endothelial
Old_D0_C_GCATCTCTCTCCAATT,Endothelial
Old_D1_D_ACCAAACCAACAGATA,Endothelial
Old_D5_B_TGCGGGTAGCACGATG,Endothelial
Old_D0_D_TCCCAGTTCGTGGGTC,Endothelial
Old_D3_5_D_ATTTCTGGTCTACGTA,Endothelial
Old_D0_A_TGTCCACCAACCGCTG,Endothelial
Old_D5_B_AATGACCAGCTGGCCT,Endothelial
Old_D7_C_GGGTATTCACCAACAT,Endothelial
Old_D3_5_B_CATCCGTGTTTGATCG,Endothelial
Old_D0_A_TGTGCGGCAGCTGTTA,Endothelial
Old_D5_A_ACTCCCACATACTGTG,Endothelial
Old_D7_C_TCTTTGAAGGAACATT,Endothelial
Old_D3_5_B_CTCATCGGTCAGCGTC,Endothelial
Old_D7_A_GATGACTAGGTCGCCT,Endothelial
Old_D0_C_CATCGGGGTCAAAGAT,Endothelial
Old_D7_A_ATAGGCTTCCGACGGT,Endothelial
Old_D0_A_GATAGCTCACCTCGTT,Endothelial
Old_D2_C_CAACAACGTTCCGTTC,Endothelial
Old_D0_A_GTGCTGGAGCTAGAAT,Endothelial
Old_D7_B_TCCACGTGTGTAGCAG,Endothelial
Old_D5_C_TCACACCCAACATCGT,Endothelial
Old_D2_A_TACGCTCGTCATCCGG,Endothelial
Old_D5_B_TACTTGTTCTGGTTGA,Endothelial
Old_D2_A_ATGGATCCAGCTACAT,Endothelial
Old_D0_C_AAAGAACGTCCTGGTG,Endothelial
Old_D5_B_GCCGTGAGTCTACACA,Endothelial
Old_D0_C_CATTTCAAGCCAAGGT,Endothelial
Old_D3_5_C_CTGGTCTCAAGACGAC,Endothelial
Old_D0_C_CACATGACATTGGGAG,Endothelial
Old_D1_B_CAAGAGGGTCGTTGGC,Endothelial
Old_D1_A_CCTATCGGTAGAGTTA,Endothelial
Old_D7_B_TCAGGGCGTCTACGTA,MuSCs
Old_D5_B_GTGCAGCAGACGCTCC,MuSCs
Old_D3_5_B_AAGACTCTCACATACG,MuSCs
Old_D3_5_C_CTTACCGGTAACAGTA,MuSCs
Old_D2_C_TCGAAGTCACTGGCGT,MuSCs
Old_D3_5_C_TCGCTTGCACCCGTAG,MuSCs
Old_D5_A_GGGTGAATCCGATGCG,MuSCs
Old_D3_5_D_GGAGGTATCAAGAGGC,MuSCs
Old_D7_B_AGAGAGCCATCGCTAA,MuSCs
Old_D3_5_A_TAAGCACAGGTTTGAA,MuSCs
Old_D0_C_AATCGTGTCATCCCGT,MuSCs
Old_D5_B_GTTATGGCAGGCAATG,MuSCs
Old_D3_5_D_GTCCCATAGCAGCGAT,MuSCs
Old_D5_A_ACACTGACAGTCCCGA,MuSCs
Old_D3_5_C_TCCACGTGTTAGGACG,MuSCs
Old_D2_A_AAGCGAGCAATCGTCA,MuSCs
Old_D3_5_B_TTGACCCTCGATGGAG,MuSCs
Old_D3_5_C_GTTACGACAAATCGGG,MuSCs
Old_D5_B_AGGACTTAGTCAACAA,MuSCs
Old_D5_A_ATTCACTCATCCGGTG,MuSCs
Old_D3_5_B_AGGTTGTCAATCGCGC,MuSCs
Old_D3_5_C_GATGAGGCAAACTAAG,MuSCs
Old_D7_A_ATCCACCTCCCGAATA,MuSCs
Old_D5_B_CGTAAGTCACCCTCTA,MuSCs
Old_D5_B_CGAGGCTGTGGCTGCT,MuSCs
Old_D5_A_ACTGATGAGGAAGAAC,MuSCs
Old_D3_5_C_CCCTCAAAGGGTTAGC,MuSCs
Old_D2_A_TTCCTCTCAACAGCTT,MuSCs
Old_D3_5_D_CGAAGGAGTTCCAAAC,MuSCs
Old_D5_B_TAACCAGGTGACACGA,MuSCs
Old_D1_A_GCCCAGAGTATGGGAC,MuSCs
Old_D5_C_GTAGAGGGTACGAGCA,MuSCs
Old_D3_5_C_CACGGGTTCGGTAACT,MuSCs
Old_D5_C_TTCTTCCAGAGCCGTA,MuSCs
Old_D7_B_ACCAAACTCTCTCGAC,MuSCs
Old_D3_5_D_GTCTAGACACAGCCAC,MuSCs
Old_D7_B_GAAGTAAGTTGCTAGT,MuSCs
Old_D3_5_C_CCATCACCACTCTCGT,MuSCs
Old_D7_B_TGGTACACATCCGGCA,MuSCs
Old_D0_C_GTGGCGTTCTTAGCTT,MuSCs
Old_D5_A_AGACCATGTGGGCTCT,MuSCs
Old_D5_B_TGGCGTGAGTGGTTGG,MuSCs
Old_D5_B_CCGGACAGTTTATGCG,MuSCs
Old_D7_C_TGGATGTAGTTGCTCA,MuSCs
Old_D5_C_TTGCTGCTCCTAAGTG,MuSCs
Old_D3_5_C_AGCGCTGCATCGCTAA,MuSCs
Old_D1_B_ATGGAGGTCTAACGCA,MuSCs
Old_D5_C_AACGTCAAGAGGCGTT,MuSCs
Old_D2_B_GTAGAAACAGAGATTA,MuSCs
Old_D5_A_GCTGGGTAGCCTCCAG,MuSCs
Old_D3_5_B_TGGAGAGCAGGAAGTC,MuSCs
Old_D5_C_CTCATTAAGCGCCATC,MuSCs
Old_D3_5_D_CTCTCAGTCGCACGGT,MuSCs
Old_D3_5_C_TTGGGTATCCAGTACA,MuSCs
Old_D5_C_AGCATCAGTGAGTTGG,MuSCs
Old_D5_B_AGGTCTAAGAGCAGAA,MuSCs
Old_D3_5_C_CAGCAGCTCAGCATTG,MuSCs
Old_D5_A_GAACGTTCAGTGTGGA,MuSCs
Old_D2_B_TGCGGCACACCCGTAG,MuSCs
Old_D0_A_TACGGTACAAACTCGT,MuSCs
Old_D5_B_GCAGGCTCACTGGAAG,MuSCs
Old_D5_B_AACAACCAGAAACTAC,MuSCs
Old_D0_C_TGCAGGCGTCCAGCAC,MuSCs
Old_D5_B_GTGACGCTCCTTTAGT,MuSCs
Old_D7_C_GTCAAGTGTTTACGAC,MuSCs
Old_D5_C_ACTGATGAGTTATGGA,MuSCs
Old_D2_B_GTTGCTCCACTTCAAG,MuSCs
Old_D5_A_CATCAAGAGAAGTCAT,MuSCs
Old_D7_A_CAGCAGCTCCGTGGTG,MuSCs
Old_D7_A_GCACGGTGTTGTGCAT,MuSCs
Old_D5_B_AGATGAATCTTGAACG,MuSCs
Old_D7_A_TCAGGTAGTTATTCCT,MuSCs
Old_D3_5_B_TCTACATCATCCGTTC,MuSCs
Old_D7_B_TCAATCTAGACCTGGA,MuSCs
Old_D7_B_AGTTAGCAGAGGTCGT,MuSCs
Old_D7_A_GTCTACCTCTTTCTAG,MuSCs
Old_D7_C_AACCTGATCTTCGACC,MuSCs
Old_D5_C_GGGCGTTCAACGATCT,MuSCs
Old_D7_B_CATTGTTCACATATCG,MuSCs
Old_D5_B_TCATTACTCTTTCTAG,MuSCs
Old_D3_5_B_TAAGCACAGGATCACG,MuSCs
Old_D1_C_TTTGACTTCTTCACAT,Macrophages
Old_D3_5_A_GTGGCGTAGCAGGCTA,Macrophages
Old_D3_5_B_GATCATGCATCCTCAC,Macrophages
Old_D3_5_C_ACGATCAAGTGATAGT,Macrophages
Old_D2_A_GGGTATTTCAGACTGT,Macrophages
Old_D3_5_D_ACATGCATCGTCGACG,Macrophages
Old_D3_5_D_CGTTGGGCATCTATCT,Macrophages
Old_D2_A_ACGCACGCAGTGTGCC,Macrophages
Old_D3_5_B_ACAAGCTTCACTGTCC,Macrophages
Old_D1_A_GTGCAGCCAGGCTCTG,Macrophages
Old_D5_A_TCTCAGCTCTTGATTC,Macrophages
Old_D5_C_TCCCATGTCGCAGAGA,Macrophages
Old_D2_A_CATCGTCCATATCTGG,Macrophages
Old_D2_B_CCCGGAAAGGACAAGA,Macrophages
Old_D2_B_CCTTGTGGTCGTATGT,Macrophages
Old_D3_5_A_CAACAGTCATAACTCG,Macrophages
Old_D5_A_AGGATCTGTGCAACAG,Macrophages
Old_D7_A_GACTCTCCAGTTGGTT,Macrophages
Old_D2_A_TGTAGACTCATTCACT,Macrophages
Old_D2_B_TCGATTTGTGACCTGC,Macrophages
Old_D7_B_AGTAACCTCGTTCCTG,Macrophages
Old_D3_5_C_TATCAGGGTGCCTATA,Macrophages
Old_D7_B_AAACGCTGTTAGTCGT,Macrophages
Old_D3_5_C_AACGGGAAGCTGAGCA,Macrophages
Old_D3_5_B_ACAAAGACAGTTCACA,Macrophages
Old_D3_5_A_TAGTGCATCCACTGGG,Macrophages
Old_D2_A_ACAGCCGGTACACGCC,Macrophages
Old_D1_D_TACTTCAAGGAGCAAA,Macrophages
Old_D2_C_CTGTATTAGCTTCGTA,Macrophages
Old_D2_A_CCCTGATGTACTGACT,Macrophages
Old_D7_B_CATTCTATCAGCCCAG,Macrophages
Old_D5_B_ATGTCCCCAGCTTTCC,Macrophages
Old_D3_5_D_CTTCCGAAGGCTCTAT,Macrophages
Old_D7_A_TTTGGTTTCATTTCCA,Macrophages
Old_D2_A_TCCATCGGTGCGGCTT,Macrophages
Old_D3_5_A_AACAAAGAGCAATAGT,Macrophages
Old_D3_5_A_TCCCACACACTACCCT,Macrophages
Old_D2_A_TCATTCAGTCAAGGCA,Macrophages
Old_D5_A_TTCCTTCGTACTAGCT,Macrophages
Old_D2_A_GAATCGTCAAGTCCCG,Macrophages
Old_D2_B_CCACAAAAGCCATCCG,Macrophages
Old_D3_5_C_GACCTTCTCGTAGGGA,Macrophages
Old_D1_D_GGAATCTCAAGATGTA,Macrophages
Old_D2_C_ATTCCATTCTTTGCTA,Macrophages
Old_D2_B_CTGATCCAGTATTGCC,Macrophages
Old_D2_B_CTCAGGGCAAAGAACT,Macrophages
Old_D3_5_B_GGCGTCATCTGAATGC,Macrophages
Old_D5_B_ACGGAAGAGGGCAATC,Macrophages
Old_D3_5_D_TTGGGTACAGTGCCTG,Macrophages
Old_D2_B_AGACAGGAGGGTGAAA,Macrophages
Old_D1_C_CACAACACATCTGCGG,Macrophages
Old_D3_5_B_ATTTCACTCCCGTTGT,Macrophages
Old_D2_A_CACGTGGTCATCACAG,Macrophages
Old_D3_5_B_TCATGGAAGCAGATAT,Macrophages
Old_D3_5_C_GTAATCGCATAATGAG,Macrophages
Old_D3_5_B_GTCGTTCCACAATGTC,Macrophages
Old_D3_5_A_GCATGATCAAGGGCAT,Macrophages
Old_D7_C_ACTATTCTCGCAAGAG,Macrophages
Old_D2_C_AGGAGGTTCGGTCGGT,Macrophages
Old_D3_5_D_CATACCCTCTTTGGAG,Macrophages
Old_D2_B_ATCCTATGTGATACTC,Macrophages
Old_D3_5_B_TCACATTTCCAAGCAT,Macrophages
Old_D5_A_CCACGTTGTACGTGTT,Macrophages
Old_D1_A_CATGCTCGTTAGAGAT,Macrophages
Old_D2_B_TCGATTTCACGAGGTA,Macrophages
Old_D5_A_GTCGTTCAGCTAGTTC,Macrophages
Old_D1_A_GAATCACGTGCGCTCA,Macrophages
Old_D3_5_A_GTGTCCTAGACCACGA,Macrophages
Old_D1_D_TCAGTGATCCGTCACT,Macrophages
Old_D5_B_GTAGATCGTCCCTGAG,Macrophages
Old_D3_5_A_ACTTATCTCTCAGGCG,Macrophages
Old_D3_5_B_AAGAACATCGGTCAGC,Macrophages
Old_D5_A_CGAGGCTAGATTGTGA,Macrophages
Old_D2_B_AGAGAGCTCTCCACTG,Macrophages
Old_D3_5_D_CACAGGCAGAGTTGCG,Macrophages
Old_D2_A_CATCCCAGTAACCAGG,Macrophages
Old_D2_A_TCCCACATCGGTAAGG,Macrophages
Old_D2_C_TCACAAGAGGGAGGCA,Macrophages
Old_D7_C_CGAGAAGCAGGCACAA,Macrophages
Old_D7_A_ATGGAGGAGATACATG,Macrophages
Old_D1_A_TTGTTCAGTGGCTGCT,Macrophages
Old_D3_5_D_GTTGCGGAGCAAACAT,Macrophages
Old_D1_C_GGCTTGGCAGTAGTGG,Macrophages
Old_D2_A_TGTAGACCAAATACAG,Macrophages
Old_D2_A_TTAGTCTGTCCTGTTC,Macrophages
Old_D3_5_D_CGGAGAATCTCTCAAT,Macrophages
Old_D2_A_TCCCAGTAGAGAGCGG,Macrophages
Old_D3_5_B_GTCGCGAGTACAGCGA,Macrophages
Old_D3_5_A_ACTTAGGGTTGATGTC,Macrophages
Old_D3_5_D_AACAAGACATTCCTCG,Macrophages
Old_D7_B_TGAGCGCGTTCAGTAC,Macrophages
Old_D2_A_AGAGAATAGTATGGAT,Macrophages
Old_D2_A_GCGATCGAGTCGCTAT,Macrophages
Old_D3_5_C_CCTCATGAGGCTTTCA,Macrophages
Old_D2_A_CGGGCATCACTGGATT,Macrophages
Old_D3_5_A_GGAGGATTCGTTGTAG,Macrophages
Old_D1_D_TCTTTGAAGCGGGTAT,Macrophages
Old_D2_B_GATGTTGAGGTGGTTG,Macrophages
Old_D5_A_CCGGTAGTCCGCTAGG,Macrophages
Old_D2_A_TATATCCCACTGTCCT,Macrophages
Old_D3_5_D_GTCTCACGTGCCTGAC,Macrophages
Old_D5_B_GAGTCATCACTACCCT,Macrophages
Old_D2_C_TCGATTTAGAGGATCC,Macrophages
Old_D2_C_AACCCAATCAAGGAGC,Macrophages
Old_D2_A_AGTAGTCAGACTCGAG,Macrophages
Old_D1_C_AACGGGAAGCAGGTCA,Macrophages
Old_D2_A_AGATGAATCAGCGCGT,Macrophages
Old_D3_5_B_TGCGGGTAGCGGGTTA,Macrophages
Old_D3_5_D_TGAACGTAGTGCCGAA,Macrophages
Old_D0_C_CCACCATCACGTAGAG,Macrophages
Old_D3_5_C_GACCTTCCATAGCTGT,Macrophages
Old_D5_A_CACACAAAGAAGTCAT,Macrophages
Old_D2_B_GGAGGATAGCATCCCG,Macrophages
Old_D1_D_TGTCCTGAGTGAGCCA,Macrophages
Old_D2_A_GTACAGTCATCATCCC,Macrophages
Old_D3_5_A_TCATGGACAGGCCTGT,Macrophages
Old_D1_A_CTCAACCTCGCCAACG,Macrophages
Old_D5_A_TCTATACTCCCGAGGT,Macrophages
Old_D2_A_TGAGCGCAGCCTAGGA,Macrophages
Old_D2_A_GTACAGTAGGGCATGT,Macrophages
Old_D3_5_A_ATCATTCTCCCAAGTA,Macrophages
Old_D3_5_D_AATTTCCCAGACATCT,Macrophages
Old_D5_B_TATCTTGAGCGACCCT,Macrophages
Old_D1_A_AGTCATGCATGGGTTT,Macrophages
Old_D2_A_TAGAGTCCATCACAGT,Macrophages
Old_D3_5_C_GCTGCAGGTAACACCT,Macrophages
Old_D2_A_GCCCAGACACAAGTTC,Macrophages
Old_D2_A_ATTCATCTCAGAACCT,Macrophages
Old_D1_C_AGGTAGGAGAAGGCTC,Macrophages
Old_D5_B_TAGGTTGCATGCCGCA,Macrophages
Old_D1_C_ACGTCCTCATGGCCAC,Macrophages
Old_D2_A_CTCCCTCGTACTAAGA,Macrophages
Old_D1_C_CTACCCACAGAGGAAA,Macrophages
Old_D2_C_GCCGATGTCACTCGAA,Macrophages
Old_D3_5_D_TCACTATGTCACGCTG,Macrophages
Old_D3_5_B_TCTTAGTCACCAGACC,Macrophages
Old_D2_A_CATCGCTTCAATGCAC,Macrophages
Old_D3_5_C_TGATGCATCACTACGA,Macrophages
Old_D2_C_CAGCACGAGGTGCGAT,Dendritic
Old_D2_A_GAGAGGTTCTAGCAAC,Dendritic
Old_D7_B_TCCCAGTTCCTTTGAT,Dendritic
Old_D5_A_AAGCGAGTCACGATCA,Dendritic
Old_D5_A_ACAAAGAGTGACAGGT,Dendritic
Old_D2_B_TCTGGCTAGACGAAGA,Dendritic
Old_D3_5_D_AATTTCCAGAATTGTG,Dendritic
Old_D7_C_CATACAGCAAGAGTAT,Dendritic
Old_D2_A_TAGAGTCAGTTTAGGA,Dendritic
Old_D1_D_CCATAAGTCAGAGCGA,Dendritic
Old_D2_A_TTCCGGTAGCTGTTCA,Dendritic
Old_D3_5_D_GGGTTTAGTAACATCC,Dendritic
Old_D3_5_C_AACCTGAGTTGTACGT,Dendritic
Old_D1_A_CCTTTGGCAGGGAATC,Dendritic
Old_D5_B_AGGACTTTCCAGCTCT,Dendritic
Old_D5_B_CGTGATAAGCTGACCC,Dendritic
Old_D2_A_TGAATGCGTCTGCATA,Dendritic
Old_D2_B_TTGTTTGAGGTACAGC,Dendritic
Old_D5_A_ACTCCCACAATAGGGC,Dendritic
Old_D1_A_CATGGTATCGCCAATA,Dendritic
Old_D2_A_TTCTTGAGTTTACGAC,Dendritic
Old_D5_A_GGGCTACTCACTAGCA,Dendritic
Old_D3_5_C_CTGGACGTCATGTCAG,Dendritic
Old_D7_C_TGTCAGAAGTCAGCGA,Dendritic
Old_D5_B_TGAACGTTCTGGTGGC,Dendritic
Old_D2_A_TCACTATTCATTGTGG,Dendritic
Old_D5_A_ATCATTCAGTTGAATG,Dendritic
Old_D2_A_CCATCACGTAGCACAG,Dendritic
Old_D2_B_ATTATCCAGCGACTAG,Dendritic
Old_D2_B_ACCCAAAAGGGCCCTT,Dendritic
Old_D2_A_TCGGGACCACGTCGGT,Dendritic
Old_D2_A_GAGGGATCAGGTAGTG,Dendritic
Old_D3_5_A_GGACGTCGTAGGCTCC,Dendritic
Old_D1_A_TAGCACATCTCCGTGT,Dendritic
Old_D5_A_GCAGGCTGTACTGTTG,Dendritic
Old_D3_5_C_ACTATGGCAAGCTCTA,Dendritic
Old_D3_5_A_AGTCTCCAGCACGATG,Dendritic
Old_D7_B_CACAACAAGCCACTCG,Dendritic
Old_D7_B_AATGCCAAGAGAAGGT,Dendritic
Old_D7_A_ATGGGAGGTAGGTACG,Dendritic
Old_D5_C_GAACACTAGGTAACTA,Dendritic
Old_D3_5_A_TACGGTAGTCGACTTA,Dendritic
Old_D1_A_GGCTGTGTCTCTCAAT,Dendritic
Old_D3_5_B_ACAAAGATCTCTGCCA,Dendritic
Old_D3_5_C_GATCCCTCAACTGTGT,Dendritic
Old_D5_B_TCGGGACGTACAGTAA,Dendritic
Old_D5_B_AGGTCATAGTCAGCGA,Dendritic
Old_D7_C_CTCTCAGTCGGTAGGA,Dendritic
Old_D3_5_A_ATTTCTGGTATAATGG,Dendritic
Old_D5_B_TAACCAGGTGTGTCGC,Dendritic
Old_D2_B_GGAGAACCACTCAGAT,Dendritic
Old_D5_B_GAAGCGACAGTCGCAC,Dendritic
Old_D5_A_GGGACTCGTTACCTGA,Dendritic
Old_D5_A_TATCTGTAGAGAAGGT,Dendritic
Old_D5_A_GAGGGATCAGCCTACG,Dendritic
Old_D2_A_CTGTAGAGTAGACACG,Dendritic
Old_D5_B_CGTCAAAAGGCTTAAA,Dendritic
Old_D3_5_B_CAATTTCAGGTCCCTG,Dendritic
Old_D7_B_GAAGGACTCTACACAG,Dendritic
Old_D7_C_GCCATGGGTTGGCCGT,Dendritic
Old_D7_A_GAGAGGTTCGTTAGAC,Dendritic
Old_D2_B_TTGTGTTTCAACGCTA,Dendritic
Old_D2_A_GTGCTTCTCTTCGGAA,Dendritic
Old_D5_A_GAAGAATTCTTCCTAA,Dendritic
Old_D2_B_CGTCCATGTAGGTAGC,Dendritic
Old_D2_C_AACCTGAGTACAGAAT,Dendritic
Old_D2_B_TGGAGGATCAATGCAC,Dendritic
Old_D3_5_C_ATGTCTTTCGGACAAG,Dendritic
Old_D1_C_TTTCACAGTCACTCAA,Dendritic
Old_D5_A_TAGTGCAGTAAGCTCT,Dendritic
Old_D2_A_ACTGCAAGTACCTAGT,Dendritic
Old_D7_B_CCTACGTCAATACCCA,Dendritic
Old_D5_A_TTATTGCGTATTTCGG,Dendritic
Old_D5_C_GCCATGGTCGCGTGAC,Dendritic
Old_D3_5_D_TGAGCATGTTTATGCG,Dendritic
Old_D1_A_TACTGCCTCTACCACC,Dendritic
Old_D1_C_GAAGAATTCATTGAGC,Dendritic
Old_D5_A_GAACTGTGTGTCCTAA,Dendritic
Old_D5_B_GTAAGTCAGCGCCCAT,Dendritic
Old_D1_D_GAATCGTTCAAGTCTG,Dendritic
Old_D2_C_GGAGAACAGTGAGGTC,Dendritic
Old_D5_C_TTAGGGTAGTAACGTA,Dendritic
Old_D5_B_CAATGACGTGTAACGG,Dendritic
Old_D2_B_CATTGAGCAGTCAGAG,Dendritic
Old_D2_B_ACCCTTGGTTAGGAGC,Dendritic
Old_D3_5_C_CCTCACAAGAGGCCAT,Dendritic
Old_D3_5_C_TCTGCCATCTTGAACG,Dendritic
Old_D1_C_TGACAGTAGGGTACGT,Dendritic
Old_D5_A_TGACTCCTCTAGTACG,Dendritic
Old_D3_5_C_TCGAAGTTCGCAGTGC,Dendritic
Old_D1_D_ACATTTCAGAAGTCAT,Dendritic
Old_D3_5_C_ATTGTTCCAAGCGGAT,Dendritic
Old_D5_C_AAATGGACAAACCGGA,Dendritic
Old_D3_5_A_GATCACATCGTTCTAT,Dendritic
Old_D3_5_A_CAAAGAAGTTTGCCGG,Dendritic
Old_D3_5_C_ATAGGCTTCCCAGCGA,Dendritic
Old_D5_B_ATATCCTTCTGTAAGC,Dendritic
Old_D1_C_CGTAATGAGTGACCTT,Dendritic
Old_D3_5_B_GAGTTACTCCGGGACT,Dendritic
Old_D7_A_TCGCTCATCACGTAGT,Dendritic
Old_D5_A_CACTGAACACATAACC,Dendritic
Old_D7_B_CGGGTCAAGACTCCGC,Dendritic
Old_D3_5_C_GAGCTGCCAGCACAAG,Tenocytes
Old_D7_A_TTTATGCAGAACTCCT,Tenocytes
Old_D7_B_TTCTGTAGTATCGATC,Tenocytes
Old_D7_B_ATGGTTGCAAGGACAC,Tenocytes
Old_D0_B_ACCTACCTCCAGTTCC,Tenocytes
Old_D3_5_B_TGTGCGGGTACATTGC,Tenocytes
Old_D2_C_CCGTGAGTCGGCTGAC,Tenocytes
Old_D5_B_TACTTCATCTATACTC,Tenocytes
Old_D2_B_AACAGGGGTCCTATAG,Tenocytes
Old_D7_A_TTCGATTGTACGAGCA,Tenocytes
Old_D1_C_CCTAACCCATTGGCAT,Tenocytes
Old_D2_B_TACAGGTCACACACGC,Tenocytes
Old_D2_C_CTGTCGTCATAATCCG,Tenocytes
Old_D2_A_CTTGATTCACTCCTTG,Tenocytes
Old_D5_C_CAGTTCCTCGGTATGT,Tenocytes
Old_D7_B_GATTCTTCATGCCGAC,Tenocytes
Old_D5_A_ATCTTCACACTCATAG,Tenocytes
Old_D1_C_GGATCTAAGTCAGCCC,Tenocytes
Old_D1_C_ACTATTCTCCTGGGTG,Tenocytes
Old_D2_B_TGCTTGCCATGACTCA,Tenocytes
Old_D7_C_TCTATACAGCAATTCC,Tenocytes
Old_D7_B_TACGGTATCGACCTAA,Tenocytes
Old_D7_B_TCCTCGAGTCCTATAG,Tenocytes
Old_D7_A_GTGCGTGAGTAGAGTT,Tenocytes
Old_D1_C_TGCAGATTCGTGTGAT,Tenocytes
Old_D0_B_AACAAGATCGAGCCAC,Tenocytes
Old_D0_D_GGGCCATCAAATTGGA,Tenocytes
Old_D0_B_AGCCAGCAGCTTCTAG,Tenocytes
Old_D3_5_D_TCTCTGGCAACGAGGT,Tenocytes
Old_D0_C_GACCCAGTCGTCCTTG,Tenocytes
Old_D0_B_TTCCTAAAGGCCTTCG,Tenocytes
Old_D1_C_GTGAGGACAGTTTCGA,Tenocytes
Old_D1_C_CAAGGGATCCTTACCG,Tenocytes
Old_D7_A_TATGTTCGTCGTCTCT,Tenocytes
Old_D1_C_TCAAGACAGGGCGAAG,Tenocytes
Old_D5_A_GGGAGTAGTTATTCTC,Myonuclei
Old_D0_A_TGCACGGAGTCACGCC,Myonuclei
Old_D0_D_TGCAGTAGTGCACATT,Myonuclei
Old_D0_A_TTTAGTCGTGAGACGT,Myonuclei
Old_D1_B_GGAATGGTCCCTAGGG,Myonuclei
Old_D7_A_AATTCCTTCGTCTACC,Myonuclei
Old_D0_C_TAGACCAAGTCAATCC,Myonuclei
Old_D7_B_ACCTACCCACTTGGCG,Myonuclei
Old_D7_C_CGTGATATCTGCAGCG,Myonuclei
Old_D7_A_CTAACCCAGCAGGGAG,Myonuclei
Old_D0_A_GTCAAGTTCCACACCT,Myonuclei
Old_D0_A_TCAGTCCAGACGATAT,Myonuclei
Old_D5_C_ACTTAGGCAATCTCGA,Myonuclei
Old_D5_C_TCATATCGTGTTGAGG,Myonuclei
Old_D7_B_TGTGAGTCACGGGTAA,Myonuclei
Old_D7_A_GATGACTGTCCGGACT,Myonuclei
Old_D0_A_CGGACACTCACGATAC,Myonuclei
Old_D3_5_C_ATTCGTTGTTTCGATG,Myonuclei
Old_D0_B_CATCCACAGATCCTAC,Myonuclei
Old_D0_B_GATAGCTGTTTGGAGG,Myonuclei
Old_D3_5_C_ACTTTCAAGATCACCT,Myonuclei
Old_D0_A_TCTTTGATCACCATAG,Myonuclei
Old_D0_A_TTGTGGAGTCCACTTC,Myonuclei
Old_D1_D_TGGAACTGTTCGTTCC,Myonuclei
Old_D0_A_ATTGTTCCATTGTAGC,Myonuclei
Old_D5_A_CGAAGGAAGTATGATG,Myonuclei
Old_D0_A_CTCATCGGTTTACTTC,Myonuclei
Old_D0_A_CATAAGCAGCCTGACC,Myonuclei
Old_D2_C_TCCTGCAAGTGGAAAG,Myonuclei
Old_D7_C_TACCTGCCACGTACTA,Myonuclei
Old_D7_B_ATACTTCCAAACTGCT,Myonuclei
Old_D7_B_TCATTACAGTATCTGC,Myonuclei
Old_D3_5_D_CGTCCATCACATGACT,Myonuclei
Old_D7_B_ATTTACCCACTCCTTG,Myonuclei
Old_D0_D_AGGTCTAGTCTGTGAT,Myonuclei
Old_D0_B_ATTCAGGCAGTCTCTC,Myonuclei
Old_D3_5_A_TCAGGGCAGATTAGTG,Myonuclei
Old_D0_A_GGTAACTTCCTGGCTT,Myonuclei
Old_D2_A_CACTGTCCAGACAAAT,Myonuclei
Old_D7_B_GGGCTACGTGCGTGCT,Myonuclei
Old_D0_A_CTGCTCAGTATCGCGC,Myonuclei
Old_D7_A_ATTGTTCGTATAGGGC,Myonuclei
Old_D3_5_C_ATACCGAAGAACAAGG,Myonuclei
Old_D5_C_CGATGGCTCAAATGCC,Myonuclei
Old_D7_C_TGGGATTGTAACATCC,Myonuclei
Old_D3_5_C_TTAGTCTTCTCGCAGG,Myonuclei
Old_D3_5_B_GAAGGGTTCCGATGTA,Myonuclei
Old_D5_B_CGTGATACAGCACGAA,Myonuclei
Old_D0_A_CCTCAACCAAAGTGTA,Myonuclei
Old_D0_B_CCACAAAGTCCACACG,Myonuclei
Old_D7_B_CCGGTGACAATTCACG,Myonuclei
Old_D0_A_TCTTAGTCATGGTGGA,Myonuclei
Old_D0_B_AAGTCGTAGACAGTCG,Myonuclei
Old_D3_5_A_TGAGTCACAAGGTCAG,Myonuclei
Old_D0_A_TACTTCATCTGTCAGA,Myonuclei
Old_D0_B_TTTCATGCAGGTGTGA,Myonuclei
Old_D1_B_TTGTTGTCACTCAAGT,Myonuclei
Old_D5_A_TGTGTGACATTCACAG,Myonuclei
Old_D5_C_ATCGCCTTCACCTACC,Myonuclei
Old_D5_A_AGAAGCGGTTACACTG,Myonuclei
Old_D7_C_GAGTTGTCACAGCCAC,Myonuclei
Old_D0_A_GTTGTAGAGATCACTC,Myonuclei
Old_D0_A_CGTCCATGTAATGTGA,Myonuclei
Old_D0_A_ACAACCAGTCGCAACC,Myonuclei
Old_D7_B_TCTCACGCACGACGTC,Myonuclei
Old_D7_C_GTTGCGGGTGCACATT,Myonuclei
Old_D7_A_TCCTCGAGTGTATTGC,Myonuclei
Old_D2_B_CCCTCTCGTCTCTCAC,Myonuclei
Old_D0_A_ACGTCCTGTGTCGCTG,Myonuclei
Old_D0_B_CTTCTAAAGGATTACA,Myonuclei
Old_D2_A_GGGATGACAAATTGGA,Myonuclei
Old_D7_A_TCATGCCGTGAACGGT,Myonuclei
Old_D5_A_TAGGTTGGTGTCCCTT,Myonuclei
Old_D5_A_CGAGAAGTCCGCAACG,Myonuclei
Old_D1_A_CTTCCGACAAGCGAGT,Myonuclei
Old_D7_C_GAATAGACAAGCCCAC,Myonuclei
Old_D0_A_CATCAAGCAAGGTCTT,Myonuclei
Old_D0_C_TCCACCACAGTGGTGA,Myonuclei
Old_D0_B_CATACCCAGGGCAGTT,Myonuclei
Old_D3_5_B_CCACTTGGTGGACCAA,Myonuclei
Old_D7_B_ATATCCTAGAGGTGCT,Myonuclei
Old_D7_A_TAACTTCAGTATTCCG,Myonuclei
Old_D0_A_TCGAAGTCACACGTGC,Myonuclei
Old_D1_B_TCGGGACTCACCGCTT,Myonuclei
Old_D1_A_GAAATGAAGACTTAAG,Myonuclei
Old_D5_B_ATCGTAGTCAGTGTTG,Myonuclei
Old_D7_B_CTGGTCTCAATACGAA,Myonuclei
Old_D5_C_CATGCAAAGTATGTAG,Myonuclei
Old_D7_C_TCACATTCAACCACGC,Myonuclei
Old_D1_D_TACTGCCCAATTGCCA,Myonuclei
Old_D0_A_AGACAGGGTAGCGCTC,Myonuclei
Old_D5_B_CTCCTCCAGCTAATGA,Myonuclei
Old_D7_A_GGTGATTGTAAGGAGA,Myonuclei
Old_D0_C_AGATCGTTCTCTCTAA,Myonuclei
Old_D0_A_CACACAAAGGTAGATT,Myonuclei
Old_D0_B_GTCAGCGCACCAAATC,Myonuclei
Old_D5_A_AGACCATCAAATTGGA,Myonuclei
Old_D3_5_C_CATGCCTGTATTTCCT,Myonuclei
Old_D0_A_ATATCCTCAAGACTGG,Myonuclei
Old_D7_B_CTTCTAAAGCTAGTTC,Myonuclei
Old_D5_A_TGGTGATGTTCGAAGG,Myonuclei
Old_D3_5_C_GTGTGGCGTATCGCAT,Myonuclei
Old_D1_B_TATTGCTGTTGATCGT,Myonuclei
Old_D7_B_TCACACCAGACCAAAT,Myonuclei
Old_D0_A_CGATCGGCAGCGAGTA,Myonuclei
Old_D0_B_TCGCACTGTTTCCAAG,Myonuclei
Old_D7_A_TGAGCATCAACCGCCA,Myonuclei
Old_D1_A_GTCCCATAGAAAGCGA,Myonuclei
Old_D0_B_TAGGTTGCACTCCGAG,Myonuclei
Old_D0_B_TCATGTTGTGGATCAG,Myonuclei
Old_D2_A_AAGGTAAGTCCATAGT,Myonuclei
Old_D7_A_GTCATCCCACCGTGCA,Myonuclei
Old_D1_B_CAGGTATTCACTCGAA,Myonuclei
Old_D0_B_GGAGAACCAGAGCTAG,Myonuclei
Old_D2_A_AGATCGTCAAGTCATC,Myonuclei
Old_D5_B_GGGTTTAAGCTAGCCC,NK Cells
Old_D5_A_CATGAGTAGCCTGAAG,NK Cells
Old_D3_5_C_ACAAAGATCGCGTTTC,NK Cells
Old_D5_A_AAAGGTACACTGCTTC,NK Cells
Old_D5_C_GTTCATTGTGTCTTGA,NK Cells
Old_D5_B_GCAACATAGGTCTGGA,NK Cells
Old_D5_C_AGACCCGGTGAGCTCC,NK Cells
Old_D5_B_AGATCGTTCTCTAAGG,NK Cells
Old_D7_A_ATGATCGAGGTCATAA,NK Cells
Old_D5_A_ACGGTTAGTTGGTAGG,NK Cells
Old_D2_B_GCACGTGGTACAACGG,NK Cells
Old_D7_B_ATCTCTAAGAAACTGT,NK Cells
Old_D5_A_AGTCTCCAGATGAATC,NK Cells
Old_D5_B_CAAAGAAAGTCACTCA,NK Cells
Old_D3_5_D_CGAGGAACAAGCAATA,NK Cells
Old_D7_B_GGAGGTACAGGTTCCG,NK Cells
Old_D3_5_C_GTCTCACAGACTCATC,NK Cells
Old_D5_C_TTCGATTCACCCTCTA,NK Cells
Old_D2_A_GACTCAAAGTGAACAT,NK Cells
Old_D1_C_AAGCGAGAGAATCGTA,NK Cells
Old_D5_C_TTATTGCTCAAGCCGC,NK Cells
Old_D5_B_GGGCGTTCATCGAAGG,NK Cells
Old_D5_C_AGTCACACAGCCCACA,NK Cells
Old_D5_B_CCGTTCACATCGATCA,NK Cells
Old_D7_A_TGATTCTCAGATTTCG,NK Cells
Old_D5_A_ACAAGCTAGGAACGCT,NK Cells
Old_D2_A_TAACACGAGAGAGCGG,NK Cells
Old_D2_A_CCACACTAGGTTCTAC,NK Cells
Old_D5_A_CAAAGAATCTGAGAAA,NK Cells
Old_D5_B_GTCATGAGTTAAACCC,NK Cells
Old_D3_5_C_TCACTCGCATGACTCA,NK Cells
Old_D5_B_AGTGCCGTCAGCATTG,NK Cells
Old_D3_5_C_ATTCCTACAGAACCGA,NK Cells
Old_D3_5_B_TCCTTCTCAGGAGACT,NK Cells
Old_D5_B_CTGTACCCAGTATACC,NK Cells
Old_D3_5_A_TGACTCCGTCTAGATC,NK Cells
Old_D7_A_TCCACCATCAGAATAG,NK Cells
Old_D5_A_TGATGGTAGGTGGGTT,NK Cells
Old_D5_A_GCCGTGACAAGCGAGT,NK Cells
Old_D1_A_GACTCAAGTAGCTAAA,Neutrophils
Old_D1_A_TATTGGGAGCGTGAGT,Neutrophils
Old_D5_B_TCCTCGAAGGAATTAC,Neutrophils
Old_D1_A_CGAAGGATCTTGGATG,Neutrophils
Old_D5_A_TCGCTCACAACACAAA,Neutrophils
Old_D1_A_AGACACTCACGCGTCA,Neutrophils
Old_D2_B_CACTGAACACCAGCGT,Neutrophils
Old_D1_C_GACACGCTCAAACCCA,Neutrophils
Old_D1_A_GAGGGTATCGGCATTA,Neutrophils
Old_D1_A_TGTCCTGCATCACAGT,Neutrophils
Old_D1_B_CTTCTAAAGCAGAAAG,Neutrophils
Old_D3_5_B_GAATCGTCAACTCATG,Neutrophils
Old_D3_5_C_GACCCTTTCGCAGTGC,Neutrophils
Old_D2_A_CTTCTAAGTTTAGTCG,Neutrophils
Old_D1_A_TCCTAATTCGCGTGAC,Neutrophils
Old_D5_B_TACCGGGCAACAAGAT,Neutrophils
Old_D1_C_CGATCGGGTGGCTTGC,Neutrophils
Old_D1_B_TGAGGTTGTCTCCTGT,Neutrophils
Old_D1_D_CTCCCTCTCAAGTAAG,Neutrophils
Old_D1_C_CTCCTCCCAACACACT,Neutrophils
Old_D1_A_CATGAGTCAACTGTGT,Neutrophils
Old_D1_A_TCTCCGATCTCCAATT,Neutrophils
Old_D1_B_GGTTCTCCAACACGAG,Neutrophils
Old_D1_A_AGCTCAAGTAGGTACG,Neutrophils
Old_D1_D_CCCTCTCCAAGCCCAC,Neutrophils
Old_D1_C_GTTGAACCAGCACACC,Neutrophils
Old_D7_B_TGTTCATGTGGGTATG,Neutrophils
Old_D2_B_GATCCCTCAATACAGA,Neutrophils
Old_D2_A_CCAAGCGAGATCCCGC,Neutrophils
Old_D1_C_AATCACGAGCGTATAA,Neutrophils
Old_D1_A_AACAAAGTCGGCTTGG,Neutrophils
Old_D1_C_TCATGGAAGCTCGCAC,Neutrophils
Old_D1_C_TGTTCATTCGATAACC,Neutrophils
Old_D1_A_CAAGGGATCCGATCTC,Neutrophils
Old_D2_B_GCAGTTATCCATTCAT,Neutrophils
Old_D1_C_CCTCTCCGTTGCGGAA,Neutrophils
Old_D1_D_TGCGATAAGCAACTCT,Neutrophils
Old_D7_C_CCACTTGGTTAGAGAT,Neutrophils
Old_D1_D_GCACATAAGGCCGCTT,Neutrophils
Old_D1_D_GGGTAGAGTCAGCTTA,Neutrophils
Old_D2_A_CGGACACTCCGCACTT,Neutrophils
Old_D1_D_TCAGCCTAGTCTTGGT,Neutrophils
Old_D1_A_AAAGGATGTGCAATAA,Neutrophils
Old_D2_A_GTGTGATGTTGCGTAT,Neutrophils
Old_D2_B_CAGCCAGCAACCCTAA,Neutrophils
Old_D2_A_ATCAGGTTCCGAGAAG,Neutrophils
Old_D3_5_B_TTACCATGTTTCGATG,Neutrophils
Old_D1_D_CACAGGCTCACACCGG,Neutrophils
Old_D1_A_TTGGGCGTCTGCGGGT,Neutrophils
Old_D1_C_CCCATTGCAGCTAACT,Neutrophils
Old_D1_C_ACTTTGTTCCCGAGGT,Neutrophils
Old_D1_C_TTATTGCTCTACTTCA,Neutrophils
Old_D2_A_TCGGTCTGTGGGCTCT,Neutrophils
Old_D1_D_TAAGCCAGTTGTGTTG,Neutrophils
Old_D2_A_GTTACGACACACAGCC,Neutrophils
Old_D1_C_CCCTCTCAGTGCTAGG,Neutrophils
Old_D5_B_CTATAGGAGTCGAAAT,Neutrophils
Old_D1_D_CTGTCGTTCTGCGATA,Neutrophils
Old_D1_A_GCAGCTGTCTAGTCAG,Neutrophils
Old_D2_A_TCTAACTCATTATGCG,Neutrophils
Old_D1_D_ACGATGTGTTGGACTT,Neutrophils
Old_D2_A_GATCAGTCAGATTAAG,T Cells
Old_D5_B_TAGGAGGAGCGATGCA,T Cells
Old_D5_A_ACACTGAGTCTACACA,T Cells
Old_D5_B_GTTACCCGTATGCGGA,T Cells
Old_D1_C_GACATCATCCAGCCTT,T Cells
Old_D5_B_CACAGATTCAGACTGT,T Cells
Old_D5_A_CAGCAATGTGCGTCGT,T Cells
Old_D2_A_TCGGTCTAGCCAGACA,T Cells
Old_D5_A_AGTGATCTCAGCGCAC,T Cells
Old_D7_A_ATTGTTCCAGGATCTT,T Cells
Old_D7_A_GGATGTTCAAAGGAGA,T Cells
Old_D5_A_CTTTCAAAGAGCAGTC,T Cells
Old_D7_A_GCGGATCGTTTCAGAC,T Cells
Old_D5_B_CTCCAACGTAGATGTA,T Cells
Old_D7_A_TAGGGTTGTCCAAAGG,T Cells
Old_D5_B_CATCGGGCATACCGTA,T Cells
Old_D5_B_TTTGGTTTCCTCACGT,T Cells
Old_D5_B_AGGGAGTTCCATTCAT,T Cells
Old_D5_A_TATCTTGAGTGTTCCA,T Cells
Old_D7_A_TTGTGTTGTCGCTTAA,T Cells
Old_D7_C_GTAGTACAGATTGATG,T Cells
Old_D5_A_CCACGAGTCCTCAGGG,T Cells
Old_D3_5_C_GTAGGTTCACGTCATA,T Cells
Old_D7_A_CCTCCAAGTGGGTATG,T Cells
Old_D5_A_GGGAAGTGTTTGACAC,T Cells
Old_D5_B_GCCAGTGGTGTAAACA,T Cells
Old_D5_B_GCAGCCATCGCGTGAC,T Cells
Old_D3_5_A_GCTTTCGCAAGATGTA,T Cells
Old_D7_A_GGTGATTCATATCGGT,T Cells
Old_D2_A_ATCCGTCAGTAACGAT,T Cells
Old_D5_A_CATAAGCCACCTAAAC,T Cells
Old_D2_A_ACTGTCCGTGACTGAG,T Cells
Old_D3_5_C_ACTCCCAGTGTTTCTT,T Cells
Old_D7_A_ATGCATGTCTGGGATT,T Cells
Old_D5_A_ACCTGTCGTCGAGCAA,T Cells
Old_D5_C_TCTCACGAGCGAGTCA,T Cells
Old_D5_A_TATACCTAGCTCGGCT,T Cells
Old_D5_A_TCAATCTCAGACTCTA,T Cells
Old_D5_A_GTCATCCGTTTCGGCG,T Cells
Old_D7_A_GTGCGTGAGTCATACC,T Cells
Old_D1_A_GAGACTTCACGCGGTT,T Cells
Old_D1_D_CATGAGTAGAAAGCGA,T Cells
Old_D7_A_AGTTCGACAGGCGTTC,T Cells
Old_D7_B_TGAGACTAGGCACTAG,T Cells
Old_D7_B_GAAGAATGTCTAGATC,T Cells
Old_D5_B_TTCAATCCACATGACT,T Cells
Old_D7_B_GGGTCACAGGTACCTT,T Cells
Old_D5_B_GGATGTTTCCCAATAG,T Cells
Old_D5_B_AGTTAGCGTTTCTTAC,T Cells
Old_D2_A_GGCTTTCTCAATCAGC,T Cells
Old_D1_C_GTGTGGCTCACGGACC,T Cells
Old_D7_A_GTGGAAGTCTCCGTGT,T Cells
Old_D2_B_ATTCGTTGTTAAGTCC,T Cells
Old_D7_B_AGGAGGTAGTTGAAAC,T Cells
Old_D5_B_AGCTTCCTCCAAGCAT,T Cells
Old_D7_A_GAGCTGCAGCGACATG,T Cells
Old_D3_5_C_AGCCAGCGTCAAGGCA,T Cells
Old_D5_A_CCTCAACAGGGACTGT,T Cells
Old_D7_A_ATCCGTCAGTCTGTAC,T Cells
Old_D7_A_TCTGTCGCAATCAGCT,T Cells
Old_D7_A_GACGCTGTCGTCAGAT,T Cells
Old_D5_B_GAACTGTTCGTACACA,T Cells
Old_D7_A_GGGTCACCACGGCACT,T Cells
Old_D5_B_TTCCTAAAGTCCCAAT,T Cells
Old_D5_A_ACAAAGATCATGAGTC,T Cells
Old_D7_A_CCAATGAGTGGTTTAC,T Cells
Old_D5_A_TGAGTCAGTCCTCCAT,T Cells
Old_D7_B_GCTTGGGTCAAACTGC,T Cells
Old_D5_A_GACTGATCACACCGAC,T Cells
Old_D5_B_GTTGAACTCGTCAGAT,T Cells
Old_D3_5_C_GAAGCGATCTGATTCT,T Cells
Old_D2_A_GTTTACTCAGCAGTTT,T Cells
Old_D5_A_CAATACGTCAATGCAC,T Cells
Old_D5_C_CCGTGAGCAGCAGATG,T Cells
Old_D5_A_ATATCCTAGGTACCTT,T Cells
Old_D2_A_ATGCATGCATGGGTTT,T Cells
Old_D7_A_CTATCCGAGTTTCGGT,T Cells
Old_D5_B_GCATTAGGTTTGGGAG,T Cells
Old_D2_A_AGGGCCTGTTGTCCCT,T Cells
Old_D5_B_TCACGGGTCTCGCAGG,T Cells
Old_D5_B_AGAGAATTCTGATGGT,T Cells
Old_D2_A_TTGGGCGTCAGCATTG,T Cells
Old_D7_A_CCTATCGGTGATCGTT,T Cells
Old_D3_5_A_TTTCACACAGAGTGTG,T Cells
Old_D2_A_ATACCGAAGGAATGTT,T Cells
Old_D5_B_ATCCACCGTGCAATAA,T Cells
Old_D7_A_CTTAGGAAGACGCCCT,T Cells
Old_D3_5_B_TCGGGCAGTGCGGCTT,T Cells
Old_D7_A_TGGGAGACACACAGAG,T Cells
Old_D5_A_GCCAGTGGTCTACGAT,T Cells
Old_D7_A_CGAGTTAGTGTTCGAT,T Cells
Old_D7_C_GCAACATAGTGAACAT,T Cells
Old_D5_B_ATAGGCTGTCGGTACC,T Cells
Old_D2_A_CAAGAGGAGGCTCACC,T Cells
Old_D1_D_TCATTTGAGAGAGGGC,T Cells
Old_D7_B_TACCGGGTCCTCGATC,T Cells
Old_D7_C_GACCAATAGCGCTTCG,T Cells
Old_D5_B_CTCCATGTCAAGGTGG,T Cells
Old_D7_A_ACGTCCTTCATTTCGT,T Cells
Old_D7_A_AAGGTAAAGGTCGTAG,T Cells
Old_D5_B_CCTCAACAGAAAGTCT,T Cells
Old_D3_5_C_GGGTTATTCGCCAGAC,T Cells
Old_D7_A_CTGCGAGAGGTCACAG,T Cells
Old_D5_B_TATCGCCCAGTCAGTT,T Cells
Old_D7_A_TGCTCGTTCAGGGATG,T Cells
Old_D5_B_GCCAGGTCAGAGGTAC,T Cells
Old_D5_A_CAAGACTTCGTTCTCG,T Cells
Old_D7_B_TAGCACAAGTCGCCCA,T Cells
Old_D7_A_CTGAGGCCACGGCACT,T Cells
Old_D5_B_CAGCCAGCATTCTCTA,T Cells
Old_D5_B_ACTACGAAGTGCCCGT,T Cells
Old_D7_B_AATGAAGCACTTCAAG,T Cells
Old_D5_A_AGACTCACATTGACAC,T Cells
Old_D7_A_TCGGATAGTGGGAGAG,T Cells
Old_D5_B_GGGTGAATCCCTTTGG,T Cells
Old_D7_A_AGCGTATGTCCAAGAG,T Cells
Old_D7_B_GTAGCTACACGTCATA,T Cells
Old_D7_A_TACGCTCCATGTGACT,T Cells
Old_D5_A_TTCTAGTAGAAGTGTT,T Cells
Old_D3_5_C_CGGGTCATCCTGGGTG,B Cells
Old_D7_B_ACCAACACAGGTTCCG,B Cells
Old_D2_B_TACCGAAAGGTAGTCG,B Cells
Old_D7_C_TCTATCACAGTGGGTA,B Cells
Old_D3_5_C_GATGCTAAGCCTGTGC,B Cells
Old_D2_B_TGTGGCGCAGGCGAAT,B Cells
Old_D5_A_TCCTGCAGTGACAACG,B Cells
Old_D2_B_AAGTACCCAGAAGCGT,B Cells
Old_D7_B_GGGACAAAGCGGGTTA,B Cells
Old_D3_5_A_GGCTTGGGTTGGTACT,B Cells
Old_D2_A_TAGGTACGTCGTATTG,B Cells
Old_D2_A_CGGCAGTTCCTAGAGT,B Cells
Old_D2_B_AGTCAACGTACGAAAT,B Cells
Old_D5_B_GAACGTTGTCTCAAGT,B Cells
Old_D0_B_GGGCTACCATCAGCAT,Smooth Muscle
Old_D1_A_TCGACGGGTATTCTCT,Smooth Muscle
Old_D0_A_TCGACCTAGCAAACAT,Smooth Muscle
Old_D0_C_ACTCCCAAGATAGCTA,Smooth Muscle
Old_D0_C_GACCTTCAGATGACAT,Smooth Muscle
Old_D5_B_AAGACTCGTTTCCAAG,Smooth Muscle
Old_D0_A_GCATTAGAGTTAGTGA,Smooth Muscle
Old_D1_B_TGGATCAGTACGATGG,Smooth Muscle
Old_D2_C_AAGTGAAGTGGAACAC,Smooth Muscle
Old_D5_C_CTCATTAGTGCACATT,Smooth Muscle
Old_D7_A_CACCGTTGTGTTCAGT,Smooth Muscle
Old_D7_A_GGGAGATGTGTCCATA,Smooth Muscle
Old_D0_C_GTAAGTCTCGATTCCC,Smooth Muscle
Old_D0_B_TCCGATCTCGTCGACG,Smooth Muscle
Old_D0_C_GGTTCTCAGCTGAAAT,Smooth Muscle
Old_D7_C_TACGGTAGTGCGTTTA,Smooth Muscle
Old_D7_A_TCCGATCCAGCCTACG,Smooth Muscle
Old_D5_B_CTGAGGCGTGCCTGAC,Smooth Muscle
Old_D5_C_TCCACGTCATAACGGG,Smooth Muscle
Old_D2_A_GTCATCCAGCAGTAAT,Smooth Muscle
Old_D7_B_TATGTTCTCCGTATAG,Smooth Muscle
Old_D0_D_AAACGAACAAGAATAC,Smooth Muscle
Old_D0_B_GCTCAAACAGGCGATA,Smooth Muscle
Old_D0_B_TCGGATAGTCCTACGG,Smooth Muscle
Old_D7_A_CTGTATTAGTTTCGAC,Smooth Muscle
Old_D5_C_AGGAGGTTCAATGTCG,Smooth Muscle
Old_D2_B_GCGATCGAGCACCAGA,Smooth Muscle
Old_D7_B_TTCATTGAGTATGAAC,Smooth Muscle
Old_D5_C_CACTTCGCAAGTGCTT,Smooth Muscle
Old_D2_C_TCATTACTCTAGACAC,Smooth Muscle
Old_D5_A_GCTTTCGCAGGCGATA,Smooth Muscle
Old_D5_C_GCTCAAAAGCGATGGT,Smooth Muscle
Old_D5_A_CTGCAGGTCAGTCATG,Smooth Muscle
Old_D7_B_TCGTCCAGTCCAAATC,Smooth Muscle
Old_D0_C_ACACTGATCTCCGAGG,Smooth Muscle
Old_D2_B_TCATGCCTCGCTACAA,Smooth Muscle
Old_D5_B_TCTATCATCTCTCTTC,Smooth Muscle
Old_D1_A_GAAGTAAGTATACCCA,Smooth Muscle
Old_D7_A_GTCGCGATCTTTGCGC,Smooth Muscle
Old_D7_A_AGGGTTTCAATCTCGA,Smooth Muscle
Old_D0_A_AGACCATAGATGTTCC,Smooth Muscle
Old_D2_A_CTACTATTCTCCGAGG,Smooth Muscle
Old_D0_C_TGCACGGAGCATGGGT,Smooth Muscle
Old_D7_C_ACAGGGAAGGAAAGGT,Smooth Muscle
Old_D7_B_CCTCTAGAGACAGCGT,Smooth Muscle
Old_D5_B_GGTGGCTAGATCACTC,Myoblasts
Old_D3_5_D_TCAAGCAAGACTTCGT,Myoblasts
Old_D5_B_TCGAACAAGGACAGTC,Myoblasts
Old_D7_A_CTCAGTCCACGACAAG,Myoblasts
Old_D3_5_D_AACGGGACATCCTCAC,Myoblasts
Old_D7_A_AGGGCCTAGAGAGTGA,Myoblasts
Old_D0_B_TTGCTGCGTCTTGAAC,Myoblasts
Old_D7_B_GGAGAACCATTGAGGG,Myoblasts
Old_D7_A_CCTGCATTCTAGTTCT,Myoblasts
Old_D7_B_GGAACCCGTGACATCT,Myoblasts
Old_D7_A_AGTACTGCAGCGTGAA,Myoblasts
Old_D3_5_B_TTTCCTCCAAACACCT,Neural
Old_D1_C_CAGGCCATCCTAAGTG,Neural
Old_D7_A_CCGTTCAGTAACACCT,Neural
Old_D1_D_CATCCCAGTACAAAGT,Neural
Old_D7_A_CCACAAATCAGCGGAA,Neural
Old_D3_5_B_CAGATCAGTTCCTAAG,Neural
Old_D2_A_GGGACCTGTCGCATCG,Neural
Old_D0_B_TACTTCAGTCCGAAAG,Neural
Old_D2_A_TATATCCAGCACTTTG,Neural
Old_D0_A_TATATCCCATGTGGCC,Neural
Old_D2_A_TGGGTTAAGCGTATAA,Neural
Old_D0_A_TAACCAGCAAATAAGC,Neural
Old_D0_C_GGTAGAGGTAGATCCT,Neural
Old_D7_C_ATCACAGCACACTGGC,Neural
Old_D2_A_GTTTACTTCGGCTATA,Neural
Old_D7_B_ATTCCCGAGTGAGTGC,Neural
Old_D2_C_ATCGGCGGTCAAATCC,Neural
Old_D0_B_GTCGTAATCCCAACTC,Neural
Old_D0_B_TACCGGGCAGGACGAT,Neural
Old_D2_C_TACTTACAGCGACCCT,Neural
Old_D3_5_D_CTACGGGCAAATGGTA,Neural
Old_D0_B_CACTAAGAGTGTACAA,Neural
Old_D2_C_CGTTGGGAGATTGATG,Neural
Old_D2_C_GGGTGAAAGAATCGCG,Neural
Old_D0_C_GTCGCGACAGCGAACA,Neural
Old_D0_C_GAGATGGGTGAGCGAT,Neural
Old_D5_B_TTCCACGCATCCAATG,Neural
Old_D2_C_TAAGCACGTGAAGCTG,Neural
